site_id,point_id,latitude_dd,longitude_dd,elevation
SANDY NECK,S2-T9-10,41.730276697864106,-70.36929317779239,1.5903
SANDY NECK,S2-T9-11,41.73027241787096,-70.36930843992626,1.5023
SANDY NECK,S2-T9-12,41.73026999968269,-70.36932618722066,1.5283
SANDY NECK,S2-T9-13,41.73026217988578,-70.3693452385739,1.5533
SANDY NECK,S2-T9-14,41.73025361520154,-70.3693701103943,1.5574
SANDY NECK,S2-T9-15,41.73024497337419,-70.3693969199887,1.5714
SANDY NECK,S2-T9-16,41.73023543431955,-70.36942419507118,1.5874
SANDY NECK,S2-T9-17,41.73022589192806,-70.36945099393719,1.6104
SANDY NECK,S2-T9-18,41.73021402727457,-70.36947842280144,1.6204
SANDY NECK,S2-T9-19,41.730199050456605,-70.3695138113424,1.6085
SANDY NECK,S2-T9-20,41.730182934943656,-70.36955103213069,1.6115
SANDY NECK,S2-T9-21,41.730168738304386,-70.36958519396542,1.6055
SANDY NECK,S2-T9-22,41.73015733784258,-70.36963185727446,1.6065
SANDY NECK,S2-T9-23,41.73014482249832,-70.36968137654662,1.6006
SANDY NECK,S2-T9-24,41.7301345418885,-70.36972400683241,1.6046
SANDY NECK,S2-T9-25,41.730128619839014,-70.36975989787051,1.6056
SANDY NECK,S2-T9-26,41.730121173833126,-70.36978460818906,1.5966
SANDY NECK,S2-T9-27,41.73011153434073,-70.36981878861609,1.5886
SANDY NECK,S2-T9-28,41.730098453408765,-70.3698530389888,1.5886
SANDY NECK,S2-T9-29,41.73009099059969,-70.369876135354275,1.5857
SANDY NECK,S2-T9-30,41.73008397099101,-70.36990360691847,1.5867
SANDY NECK,S2-T8-31,41.72953753808925,-70.36825739829798,1.492
SANDY NECK,S2-T8-32,41.72953428270117,-70.3682804168205,1.553
SANDY NECK,S2-T8-33,41.729532372646524,-70.36830391237233,1.579
SANDY NECK,S2-T8-34,41.72953044138291,-70.36833145700257,1.588
SANDY NECK,S2-T8-35,41.72952814973922,-70.36836581614132,1.591
SANDY NECK,S2-T8-36,41.72952500741558,-70.36840580708476,1.604
SANDY NECK,S2-T8-37,41.72952201226906,-70.36844705159676,1.606
SANDY NECK,S2-T8-38,41.729518252089356,-70.36848446840251,1.626
SANDY NECK,S2-T8-39,41.72951322841135,-70.36851151212535,1.624
SANDY NECK,S2-T8POND-40,41.72951043828353,-70.3685181512134,1.314
SANDY NECK,S2-T8-41,41.72951088621473,-70.36853196374722,1.62
SANDY NECK,S2-T8-42,41.729505673005306,-70.36856281971154,1.6201
SANDY NECK,S2-T8-43,41.72949964241205,-70.3685927313041,1.6091
SANDY NECK,S2-T8-44,41.72949107806819,-70.36862968539398,1.6241
SANDY NECK,S2-T8-45,41.72948353036594,-70.36866219671798,1.6221
SANDY NECK,S2-T8-46,41.72947992901038,-70.3686756912272,1.6321
SANDY NECK,S2-T8POND-47,41.72947676597906,-70.36868263379753,1.3141
SANDY NECK,S2-T8-48,41.72947588084328,-70.36870174204518,1.6281
SANDY NECK,S2-T8-49,41.729470497977474,-70.36872566641681,1.6391
SANDY NECK,S2-T8-50,41.72946113601093,-70.3687562346729,1.6391
SANDY NECK,S2-T8-51,41.72945311571235,-70.36878002728987,1.6522
SANDY NECK,S2-T8-52,41.72944247092323,-70.36880184642561,1.6422
SANDY NECK,S2-T8POND-53,41.72944055006759,-70.36880809635241,1.4972
SANDY NECK,S2-T8POND-54,41.72938593167015,-70.36899264114096,1.1513
SANDY NECK,S2-T10-55,41.7289674685903,-70.36981690993994,1.3939
SANDY NECK,S2-T10-56,41.72896239340427,-70.3698021671779,1.5249
SANDY NECK,S2-T10-57,41.72896025350024,-70.36978221450556,1.5579
SANDY NECK,S2-T10-58,41.72895981202091,-70.36976258527989,1.5589
SANDY NECK,S2-T10-59,41.72895964433268,-70.36974341034563,1.5709
SANDY NECK,S2-T10-60,41.72895752218865,-70.36972196714716,1.5969
SANDY NECK,S2-T10-61,41.7289552109503,-70.36969900858666,1.6079
SANDY NECK,S2-T10-62,41.728951923113435,-70.36968166225999,1.6079
SANDY NECK,S2-T10-63,41.728948145756554,-70.3696615581803,1.6109
SANDY NECK,S2-T10-64,41.728945557269725,-70.36964221158695,1.6219
SANDY NECK,S2-T10-65,41.72894488985995,-70.36962188862405,1.6259
SANDY NECK,S2-T10-66,41.7289445174914,-70.36960401509135,1.6389
SANDY NECK,S2-T10-67,41.728945210805776,-70.36958212191878,1.6569
SANDY NECK,S2-T10-68,41.72894670001709,-70.3695516404803,1.6559
SANDY NECK,S2-T10-69,41.72894916971342,-70.36952353045004,1.6629
SANDY NECK,S2-T10-70,41.72895202450699,-70.36949409279408,1.6639
SANDY NECK,S2-T10-71,41.728955621634256,-70.36946962696466,1.6639
SANDY NECK,S2-T10-72,41.72895866312581,-70.36944643824258,1.6689
SANDY NECK,S2-T10-73,41.72896048464819,-70.36943341226636,1.6599
SANDY NECK,S2-T10POND-74,41.728963136456954,-70.36942780314958,1.1988
SANDY NECK,S2-T7-75,41.72813712756945,-70.3663424736539,1.5552
SANDY NECK,S2-T7-76,41.72812626967561,-70.36633681022502,1.5913
SANDY NECK,S2-T7-77,41.728112071102466,-70.3663303185344,1.6113
SANDY NECK,S2-T7-78,41.72809167964537,-70.36632199310938,1.6393
SANDY NECK,S2-T7-79,41.72807070388073,-70.36631281488026,1.6113
SANDY NECK,S2-T7-80,41.7280518765681,-70.36630323011214,1.6073
SANDY NECK,S2-T7-81,41.728032178301284,-70.36629417515368,1.5964
SANDY NECK,S2-T7-82,41.72801152871367,-70.36628407686125,1.5954
SANDY NECK,S2-T7-83,41.72799291521048,-70.36627090288945,1.5964
SANDY NECK,S2-T7-84,41.72796917212809,-70.36625509534025,1.6054
SANDY NECK,S2-T7-85,41.72794666770657,-70.3662419194896,1.6295
SANDY NECK,S2-T7-86,41.727929013079994,-70.36622915301153,1.6205
SANDY NECK,S2-T7-87,41.72791248064415,-70.36621745153327,1.5955
SANDY NECK,S2-T7-88,41.72789306557093,-70.36620578877015,1.5935
SANDY NECK,S2-T7-89,41.727873642419524,-70.36619632008382,1.5975
SANDY NECK,S2-T7-90,41.72785891838761,-70.36618857050715,1.5965
SANDY NECK,S2-T7-91,41.7278433116113,-70.36618007001411,1.6186
SANDY NECK,S2-T7-92,41.727825093736044,-70.36616846630854,1.6236
SANDY NECK,S2-T7-93,41.72780452599082,-70.36615905875551,1.6176
SANDY NECK,S2-T7-94,41.72778692991141,-70.36614894228546,1.6286
SANDY NECK,S2-T7-95,41.72776701274878,-70.36613935856302,1.6226
SANDY NECK,PROTOPOND-96,41.72764651280566,-70.36643835061102,1.6108
SANDY NECK,PROTOPOND-97,41.72763825621657,-70.36645630299166,1.5719
SANDY NECK,PROTOPOND-98,41.72763255625716,-70.36646830637378,1.5449
SANDY NECK,PROTOPOND-99,41.72762713621585,-70.36647797837811,1.5239
SANDY NECK,PROTOPOND-100,41.72762287861349,-70.36648836033991,1.5109
SANDY NECK,PROTOPOND-101,41.727617490780844,-70.36649986776244,1.5249
SANDY NECK,PROTOPOND-102,41.72762520818624,-70.36650604533003,1.5109
SANDY NECK,PROTOPOND-103,41.72763419925235,-70.36651039712022,1.5369
SANDY NECK,PROTOPOND-104,41.72764461559306,-70.36651456390501,1.6419
SANDY NECK,PROTOPOND-105,41.7276548914251,-70.36652145697865,1.6359
SANDY NECK,S2T8-42,41.72834167174872,-70.36805830701567,1.86031
SANDY NECK,S2T8-43,41.728353314061714,-70.36807902136532,1.8693
SANDY NECK,S2T8-44,41.72836674021182,-70.36810952689929,1.77129
SANDY NECK,S2T8-45,41.72838219858342,-70.36815165524109,1.74728
SANDY NECK,S2T8-46,41.728412377103105,-70.36822302293228,1.68826
SANDY NECK,S2T8-47,41.72843292921503,-70.36827759297636,1.68624
SANDY NECK,S2T8-48,41.728458617817715,-70.36835235947318,1.69123
SANDY NECK,S2T8-49,41.72848943247916,-70.36842550948036,1.69821
SANDY NECK,S2T8-50,41.72852699239357,-70.3684994820543,1.68518
SANDY NECK,S2T8-51,41.72853188069803,-70.36852312274205,1.68817
SANDY NECK,S2T8-52,41.72853790130442,-70.36855907534252,1.68417
SANDY NECK,S2T8-53,41.72854823051326,-70.36859474548542,1.66017
SANDY NECK,S2T8-54,41.72854683539289,-70.36860222806625,1.64717
SANDY NECK,S2T8-55,41.72854745734741,-70.36862713804375,1.66117
SANDY NECK,S2T8-56,41.72854363388649,-70.36866834990829,1.67019
SANDY NECK,S2T8-57,41.72855186330866,-70.36872906704896,1.69719
SANDY NECK,S2T8-58,41.728489523950365,-70.36888280874393,1.66329
SANDY NECK,S2T8-59,41.728509894598545,-70.36893670791345,1.66028
SANDY NECK,S2T8-60,41.72852995035151,-70.36897621448271,1.68226
SANDY NECK,S2T8-61,41.72854338387762,-70.36901968643551,1.67525
SANDY NECK,S2T8-62,41.72854399713927,-70.36908613333449,1.67026
SANDY NECK,S2T8-63,41.72858229187418,-70.36916340674375,1.66623
SANDY NECK,S2T8-64,41.72859644083328,-70.36921259183988,1.65323
SANDY NECK,S2T8-65,41.728599998376886,-70.36927381825771,1.66323
SANDY NECK,S2T8-66,41.72860314322353,-70.36937042310363,1.65825
SANDY NECK,UDA-1-10,41.73202955604773,-70.38159420972599,1.44076
SANDY NECK,UDA-1-11,41.732022259102855,-70.38160256873506,1.43677
SANDY NECK,UDA-1-12,41.73202762952707,-70.38161360523783,1.41277
SANDY NECK,UDA-1-13,41.73203535826623,-70.3816060394488,1.43876
SANDY NECK,UDA-2-14,41.73221098408778,-70.38141708106498,1.41253
SANDY NECK,UDA-2-15,41.73220460606041,-70.38142317524236,1.41354
SANDY NECK,UDA-2-16,41.73220912502374,-70.3814331161615,1.41354
SANDY NECK,UDA-2-17,41.732216290603475,-70.38142594347181,1.40553
SANDY NECK,DA-4-21,41.73238596951588,-70.38124839976201,1.42931
SANDY NECK,DA-4-22,41.73237992652853,-70.38125659333923,1.42232
SANDY NECK,DA-4-23,41.73238412237075,-70.38126569288008,1.41631
SANDY NECK,DA-4-24,41.732391567629165,-70.38125997865332,1.41131
SANDY NECK,DA-7-26,41.73272867412849,-70.3809722331328,1.32589
SANDY NECK,DA-7-27,41.732720942140176,-70.3809770755415,1.3319
SANDY NECK,DA-7-28,41.7327243492034,-70.38098885643039,1.3379
SANDY NECK,DA-7-29,41.73273294292874,-70.38098275792572,1.31289
SANDY NECK,DA-6-31,41.73257625724299,-70.38109470158285,1.39308
SANDY NECK,DA-6-32,41.73256765593967,-70.381101429959,1.38709
SANDY NECK,DA-6-33,41.73257138527422,-70.38111412314596,1.38009
SANDY NECK,DA-6-34,41.73258103270042,-70.38110728371679,1.39008
SANDY NECK,DITCHTRANC1-10,41.7306836246223,-70.37880690624408,1.64421
SANDY NECK,DITCHTRANC1-11,41.73067524374697,-70.37881103871244,1.64322
SANDY NECK,DITCHTRANC1-12,41.73067788683624,-70.37882045332975,1.63322
SANDY NECK,DITCHTRANC1-13,41.73068606804797,-70.37881869849782,1.63021
SANDY NECK,DITCHTRANC7Q-15,41.73144987800712,-70.37823635337953,1.45328
SANDY NECK,DITCHTRANC7Q-16,41.73145808698198,-70.37823378503063,1.44928
SANDY NECK,DITCHTRANC7Q-17,41.73145330932158,-70.37822060930179,1.45728
SANDY NECK,DITCHTRANC7Q-18,41.731445372034344,-70.378226057172,1.45929
SANDY NECK,DITCHTRANC6Q-132,41.731275629027486,-70.37837179343263,1.4945
SANDY NECK,DITCHTRANC6Q-133,41.73127073833998,-70.37836128341007,1.4965
SANDY NECK,DITCHTRANC6Q-134,41.731263176041956,-70.37836625470426,1.49151
SANDY NECK,DITCHTRANC6Q-135,41.73126710271618,-70.37837678860205,1.48351
SANDY NECK,DITCHTRANC4Q-136,41.73106335572146,-70.3785468089013,1.51676
SANDY NECK,DITCHTRANC4Q-137,41.73107243802009,-70.37854126655083,1.50875
SANDY NECK,DITCHTRANC4Q-138,41.731069883748106,-70.37853045301023,1.49775
SANDY NECK,DITCHTRANC4Q-139,41.73106040984992,-70.3785348531414,1.51376
SANDY NECK,UDTC-Q1-10,41.72958604662385,-70.37024362614422,1.5863
SANDY NECK,UDTC-Q1-11,41.729579766206015,-70.37023478880884,1.58131
SANDY NECK,UDTC-Q1-12,41.729573172563015,-70.37024164156503,1.58932
SANDY NECK,UDTC-Q1-13,41.729578439644705,-70.37025161763525,1.59231
SAGE LOT,SageLot-001,41.5564678039044,-70.5047909592185,0.1921
SAGE LOT,SageLot-002,41.55646786605547,-70.50479102781173,0.1991
SAGE LOT,SageLot-003,41.55646777562065,-70.50479105569191,0.2021
SAGE LOT,SageLot-004,41.55649394499891,-70.50485680203604,0.2311
SAGE LOT,SageLot-005,41.556493981392514,-70.50485677410126,0.2231
SAGE LOT,SageLot-006,41.556494007667766,-70.50485683107004,0.2261
SAGE LOT,SageLot-007,41.55655215993762,-70.50484213947375,0.2611
SAGE LOT,SageLot-008,41.55655210610041,-70.50484212383509,0.2561
SAGE LOT,SageLot-009,41.556552159153036,-70.50484219941217,0.2511
SAGE LOT,SageLot-010,41.55653119807223,-70.50476595793012,0.2491
SAGE LOT,SageLot-011,41.556531126540314,-70.50476591789838,0.2491
SAGE LOT,SageLot-012,41.5565311525018,-70.50476599884252,0.2591
SAGE LOT,SageLot-013,41.55342913551114,-70.50569339773428,0.4711
SAGE LOT,SageLot-014,41.55342917038209,-70.50569348607613,0.4721
SAGE LOT,SageLot-015,41.55345204416827,-70.50573642709531,0.4221
SAGE LOT,SageLot-016,41.55346166716358,-70.50573615764603,0.4171
SAGE LOT,SageLot-017,41.55346171282856,-70.50573610954393,0.4171
SAGE LOT,SageLot-018,41.553461649123676,-70.50573615962544,0.4171
SAGE LOT,SageLot-019,41.55346222684617,-70.50574844077406,0.3871
SAGE LOT,SageLot-020,41.55346214503859,-70.50574849762978,0.3881
SAGE LOT,SageLot-021,41.553462163313995,-70.50574847766971,0.3871
SAGE LOT,SageLot-022,41.553452761225536,-70.50574976066704,0.3961
SAGE LOT,SageLot-023,41.55345262589484,-70.50574977790997,0.3921
SAGE LOT,SageLot-024,41.55345255552502,-70.50574964917458,0.3951
SAGE LOT,SageLot-025,41.55345192796783,-70.50585945189226,0.3611
SAGE LOT,SageLot-026,41.553451875810765,-70.50585930799154,0.3661
SAGE LOT,SageLot-027,41.553460729222415,-70.50585659256812,0.3581
SAGE LOT,SageLot-028,41.55346077195131,-70.50585676862501,0.3701
SAGE LOT,SageLot-029,41.55346300928536,-70.50586887126843,0.3511
SAGE LOT,SageLot-030,41.553463018556535,-70.50586885109938,0.3541
SAGE LOT,SageLot-031,41.55346294688364,-70.50586882185681,0.3561
SAGE LOT,SageLot-032,41.55345347165184,-70.5058722506821,0.3341
SAGE LOT,SageLot-033,41.55345340986247,-70.50587215452077,0.3351
SAGE LOT,SageLot-034,41.553453427635446,-70.50587217291948,0.3321
SAGE LOT,SageLot-035,41.553506596831724,-70.50596080425815,0.2901
SAGE LOT,SageLot-036,41.55350661587657,-70.50596072556128,0.2881
SAGE LOT,SageLot-037,41.55350661593939,-70.50596072076644,0.2871
SAGE LOT,SageLot-038,41.553515683510085,-70.50595678367172,0.2891
SAGE LOT,SageLot-039,41.553515765569,-70.50595670763681,0.2881
SAGE LOT,SageLot-040,41.55351551341852,-70.50595670418113,0.2831
SAGE LOT,SageLot-041,41.55351889759504,-70.50596858045799,0.2551
SAGE LOT,SageLot-042,41.553518941171696,-70.50596869178466,0.2531
SAGE LOT,SageLot-043,41.553510275994824,-70.50597422699563,0.2731
SAGE LOT,SageLot-044,41.553510313833314,-70.50597408878126,0.2691
SAGE LOT,SageLot-045,41.55351037579531,-70.50597417175692,0.2681
SAGE LOT,SageLot-046,41.55351167024007,-70.50608300237667,0.2481
SAGE LOT,SageLot-047,41.55351162727597,-70.50608284430018,0.2481
SAGE LOT,SageLot-048,41.55351166432941,-70.50608276602145,0.2451
SAGE LOT,SageLot-049,41.55352127216185,-70.50608090389827,0.2671
SAGE LOT,SageLot-050,41.55352125479719,-70.50608085433296,0.2711
SAGE LOT,SageLot-051,41.553521212948034,-70.50608061114794,0.2711
SAGE LOT,SageLot-052,41.553523065515485,-70.50609320609075,0.2421
SAGE LOT,SageLot-053,41.55352307477099,-70.50609318712043,0.2421
SAGE LOT,SageLot-054,41.553523066677556,-70.50609311738609,0.2411
SAGE LOT,SageLot-055,41.55351319811064,-70.50609631881724,0.2551
SAGE LOT,SageLot-056,41.55351320672231,-70.50609634899409,0.2631
SAGE LOT,SageLot-057,41.55351326296203,-70.50609618123013,0.2571
SAGE LOT,SageLot-058,41.553568020452445,-70.50618869035759,0.2151
SAGE LOT,SageLot-059,41.553568075577274,-70.50618860770216,0.2161
SAGE LOT,SageLot-060,41.553577551110536,-70.50618446907083,0.2151
SAGE LOT,SageLot-061,41.55357750563385,-70.50618450278814,0.2091
SAGE LOT,SageLot-062,41.553577478668196,-70.50618449856479,0.2111
SAGE LOT,SageLot-063,41.553580739221445,-70.5061954966679,0.1981
SAGE LOT,SageLot-064,41.5535806300397,-70.50619558046634,0.1991
SAGE LOT,SageLot-065,41.553580739975274,-70.50619543912968,0.2031
SAGE LOT,SageLot-066,41.55357231942614,-70.50620086368492,0.2031
SAGE LOT,SageLot-067,41.55357219331951,-70.50620086435403,0.2011
SAGE LOT,SageLot-068,41.55357226623299,-70.50620079889872,0.2031
SAGE LOT,SageLot-069,41.55357278620903,-70.50631235273201,0.2031
SAGE LOT,SageLot-070,41.55357285829017,-70.50631235080859,0.2071
SAGE LOT,SageLot-071,41.55357277054072,-70.50631217370568,0.2021
SAGE LOT,SageLot-072,41.55358114957602,-70.50630648080664,0.1631
SAGE LOT,SageLot-073,41.55358123779666,-70.5063066219482,0.1691
SAGE LOT,SageLot-074,41.55358129135097,-70.50630665916411,0.1721
SAGE LOT,SageLot-075,41.553584807235886,-70.50631810446355,0.1811
SAGE LOT,SageLot-076,41.553585004277096,-70.50631818937728,0.1781
SAGE LOT,SageLot-077,41.553585086524706,-70.50631809895822,0.1771
SAGE LOT,SageLot-078,41.553575581120406,-70.50632314218011,0.1031
SAGE LOT,SageLot-079,41.5535756802457,-70.50632313848655,0.1121
SAGE LOT,SageLot-080,41.5535755257442,-70.50632324401485,0.1041
SAGE LOT,SageLot-081,41.55362648123895,-70.5065388560258,0.1131
SAGE LOT,SageLot-082,41.55362649770804,-70.50653897391796,0.1071
SAGE LOT,SageLot-083,41.55362639056811,-70.50653890188313,0.1131
SAGE LOT,SageLot-084,41.55363498826772,-70.50653439398044,0.1111
SAGE LOT,SageLot-085,41.55363492589772,-70.50653434217064,0.1121
SAGE LOT,SageLot-086,41.553635025541396,-70.50653429891985,0.1091
SAGE LOT,SageLot-087,41.553638156576746,-70.50654555544125,0.1011
SAGE LOT,SageLot-088,41.55363804807021,-70.50654558769449,0.1031
SAGE LOT,SageLot-089,41.5536380129643,-70.50654551733261,0.0991
SAGE LOT,SageLot-090,41.553629755336544,-70.50655019260954,0.2191
SAGE LOT,SageLot-091,41.55362965625839,-70.50655019270661,0.2141
SAGE LOT,SageLot-092,41.553629718235676,-70.50655027448425,0.2131
SAGE LOT,SageLot-093,41.55368275156337,-70.50663892384964,0.2231
SAGE LOT,SageLot-094,41.55368269725509,-70.50663894417168,0.2271
SAGE LOT,SageLot-095,41.55368258980107,-70.50663889611091,0.2191
SAGE LOT,SageLot-096,41.553691300158185,-70.50663403950419,0.2021
SAGE LOT,SageLot-097,41.55369121027279,-70.50663402542571,0.2041
SAGE LOT,SageLot-098,41.55369117436575,-70.50663401619818,0.2061
SAGE LOT,SageLot-099,41.55369534845443,-70.50664540607674,0.1791
SAGE LOT,SageLot-100,41.553695448255226,-70.50664535083894,0.1851
SAGE LOT,SageLot-101,41.55369534062838,-70.50664531596401,0.1821
SAGE LOT,SageLot-102,41.55368689435285,-70.50665132742115,0.2121
SAGE LOT,SageLot-103,41.55368680424753,-70.50665133012464,0.2141
SAGE LOT,SageLot-104,41.55368689394441,-70.50665135858772,0.2151
SAGE LOT,SageLot-105,41.55380091481603,-70.50709173395832,0.2031
SAGE LOT,SageLot-106,41.553800932368816,-70.50709176913949,0.2041
SAGE LOT,SageLot-107,41.553800923820276,-70.50709173416753,0.2031
SAGE LOT,SageLot-108,41.55380979103921,-70.50708796762567,0.2121
SAGE LOT,SageLot-109,41.553809709309576,-70.5070880184864,0.2091
SAGE LOT,SageLot-110,41.55380967300973,-70.5070880392265,0.2071
SAGE LOT,SageLot-111,41.55381388858518,-70.5070990092413,0.2251
SAGE LOT,SageLot-112,41.55381375232718,-70.50709909720577,0.2281
SAGE LOT,SageLot-113,41.55381360609067,-70.50709925928143,0.2271
SAGE LOT,SageLot-114,41.5538051121312,-70.50710409688025,0.2281
SAGE LOT,SageLot-115,41.553805193467994,-70.50710407598744,0.2281
SAGE LOT,SageLot-116,41.55380523929065,-70.50710401589892,0.2271
SAGE LOT,SageLot-117,41.55380623722142,-70.50722095432421,0.2111
SAGE LOT,SageLot-118,41.55380626423415,-70.50722095495186,0.2111
SAGE LOT,SageLot-119,41.553806325047994,-70.50722112543538,0.2081
SAGE LOT,SageLot-120,41.55381487171891,-70.50721501565192,0.2271
SAGE LOT,SageLot-121,41.55381488958598,-70.5072150268588,0.2261
SAGE LOT,SageLot-122,41.55381483697487,-70.50721491771903,0.2201
SAGE LOT,SageLot-123,41.55381969814075,-70.5072261089855,0.2161
SAGE LOT,SageLot-124,41.55381967013793,-70.50722618387701,0.2191
SAGE LOT,SageLot-125,41.553819680195126,-70.5072261037722,0.2161
SAGE LOT,SageLot-126,41.55381102969937,-70.50723257566301,0.2151
SAGE LOT,SageLot-127,41.55381124591131,-70.50723257229323,0.2191
SAGE LOT,SageLot-128,41.55381126384122,-70.50723257870526,0.2191
SAGE LOT,SageLot-129,41.553863912093306,-70.50731689603849,0.1981
SAGE LOT,SageLot-130,41.55386381376957,-70.50731683859595,0.1961
SAGE LOT,SageLot-131,41.553863750834125,-70.50731682993903,0.2021
SAGE LOT,SageLot-132,41.55387234144162,-70.50731355221819,0.2011
SAGE LOT,SageLot-133,41.553872341425894,-70.5073135534169,0.2021
SAGE LOT,SageLot-134,41.55387229675043,-70.50731352599898,0.2031
SAGE LOT,SageLot-135,41.55387566522759,-70.50732521498995,0.1951
SAGE LOT,SageLot-136,41.55387582731973,-70.50732521755741,0.1941
SAGE LOT,SageLot-137,41.553875881958156,-70.50732517206282,0.1881
SAGE LOT,SageLot-138,41.55386673448313,-70.50732970427259,0.1971
SAGE LOT,SageLot-139,41.55386674284299,-70.50732975362924,0.1961
SAGE LOT,SageLot-140,41.553866841355344,-70.50732979668719,0.1941
SAGE LOT,SageLot-141,41.55435733610652,-70.50725963707721,0.1651
SAGE LOT,SageLot-142,41.5543572291557,-70.50725955065563,0.1601
SAGE LOT,SageLot-143,41.55435721081717,-70.50725957541043,0.1621
SAGE LOT,SageLot-144,41.554366792735436,-70.50725831718137,0.1731
SAGE LOT,SageLot-145,41.554366683930105,-70.50725837220952,0.1701
SAGE LOT,SageLot-146,41.55436661921877,-70.5072584990087,0.1701
SAGE LOT,SageLot-147,41.554369159339494,-70.50727085352004,0.1621
SAGE LOT,SageLot-148,41.55436931285174,-70.50727082351257,0.1631
SAGE LOT,SageLot-149,41.55436940357001,-70.5072707740596,0.1581
SAGE LOT,SageLot-150,41.554359649752605,-70.50727277772484,0.1391
SAGE LOT,SageLot-151,41.554359596214326,-70.50727273930895,0.1431
SAGE LOT,SageLot-152,41.554359506297594,-70.50727272762684,0.1411
SAGE LOT,SageLot-153,41.55430595467521,-70.5071528860048,0.2071
SAGE LOT,SageLot-154,41.55430598080791,-70.50715295376106,0.2071
SAGE LOT,SageLot-155,41.55430597159937,-70.50715296913529,0.2061
SAGE LOT,SageLot-156,41.554314737541304,-70.50715005757138,0.1891
SAGE LOT,SageLot-157,41.55431472980997,-70.5071499602654,0.1921
SAGE LOT,SageLot-158,41.5543148190981,-70.50715001989633,0.1851
SAGE LOT,SageLot-159,41.55431698182246,-70.50716230686936,0.1701
SAGE LOT,SageLot-160,41.55431706303353,-70.50716229556629,0.1711
SAGE LOT,SageLot-161,41.55431702560221,-70.50716240261475,0.1711
SAGE LOT,SageLot-162,41.554308078820746,-70.50716536753164,0.1781
SAGE LOT,SageLot-163,41.55430786468322,-70.50716521266983,0.1731
SAGE LOT,SageLot-164,41.55430800695963,-70.50716535267196,0.1761
SAGE LOT,SageLot-165,41.554309147668896,-70.50702886748756,0.2351
SAGE LOT,SageLot-166,41.55430902164087,-70.50702886216139,0.2301
SAGE LOT,SageLot-167,41.554317899088595,-70.50702706352936,0.2351
SAGE LOT,SageLot-168,41.55431791747421,-70.50702703517833,0.2381
SAGE LOT,SageLot-169,41.55431799863816,-70.50702702747127,0.2391
SAGE LOT,SageLot-170,41.554319888545265,-70.50703882726704,0.2451
SAGE LOT,SageLot-171,41.554320222110945,-70.5070388038404,0.2421
SAGE LOT,SageLot-172,41.554320205328125,-70.50703870992139,0.2371
SAGE LOT,SageLot-173,41.55431132971929,-70.50704174245905,0.2231
SAGE LOT,SageLot-174,41.55431126689383,-70.50704172541124,0.2211
SAGE LOT,SageLot-175,41.554311265511025,-70.5070418308991,0.2301
SAGE LOT,SageLot-176,41.554256050891524,-70.50692309365591,0.2241
SAGE LOT,SageLot-177,41.554255972005905,-70.506922927548,0.2261
SAGE LOT,SageLot-178,41.55425592407785,-70.5069231482662,0.2291
SAGE LOT,SageLot-179,41.55426562405223,-70.50692044183259,0.2161
SAGE LOT,SageLot-180,41.554265553385235,-70.50692033587009,0.2191
SAGE LOT,SageLot-181,41.554265653516104,-70.50692025545904,0.2171
SAGE LOT,SageLot-182,41.55426813768424,-70.5069327585244,0.2011
SAGE LOT,SageLot-183,41.554268153964344,-70.50693289080252,0.1991
SAGE LOT,SageLot-184,41.55426804666757,-70.50693283075356,0.2001
SAGE LOT,SageLot-185,41.554258732556626,-70.50693633395154,0.1771
SAGE LOT,SageLot-186,41.55425875994646,-70.5069363058097,0.1711
SAGE LOT,SageLot-187,41.554258864448535,-70.5067977689919,0.2051
SAGE LOT,SageLot-188,41.55425899107361,-70.50679772876606,0.2051
SAGE LOT,SageLot-189,41.554268515137814,-70.50679401219075,-0.0569
SAGE LOT,SageLot-190,41.55426859685162,-70.50679396252802,-0.0579
SAGE LOT,SageLot-191,41.55426853353909,-70.50679398264096,-0.0589
SAGE LOT,SageLot-192,41.554270848070026,-70.50680637264436,-0.0409
SAGE LOT,SageLot-193,41.55427094653543,-70.50680641929799,-0.0359
SAGE LOT,SageLot-194,41.554270794751545,-70.50680631744677,-0.0459
SAGE LOT,SageLot-195,41.55426201861921,-70.50680931994953,0.0171
SAGE LOT,SageLot-196,41.554261999322385,-70.50680941782664,0.0191
SAGE LOT,SageLot-197,41.554261943631495,-70.5068095436365,0.0141
SAGE LOT,SageLot-198,41.55420843084858,-70.50669426121593,-0.0189
SAGE LOT,SageLot-199,41.55420837842552,-70.50669413769118,-0.0159
SAGE LOT,SageLot-200,41.554208360731224,-70.50669411329842,-0.0279
SAGE LOT,SageLot-201,41.554216663846006,-70.5066907784394,0.2141
SAGE LOT,SageLot-202,41.554216575610184,-70.50669063849466,0.2071
SAGE LOT,SageLot-203,41.55421665509312,-70.50669075905068,0.2131
SAGE LOT,SageLot-204,41.55422021873912,-70.5067019933545,0.1961
SAGE LOT,SageLot-205,41.55422026368182,-70.50670200039386,0.2011
SAGE LOT,SageLot-206,41.55422027241898,-70.50670202098132,0.1971
SAGE LOT,SageLot-207,41.55421233258822,-70.5065662951321,0.1621
SAGE LOT,SageLot-208,41.55421231605635,-70.50656618203377,0.1571
SAGE LOT,SageLot-209,41.55422179929293,-70.50656351847803,0.1581
SAGE LOT,SageLot-210,41.55422175419314,-70.50656352342601,0.1581
SAGE LOT,SageLot-211,41.554221781551476,-70.50656349768147,0.1591
SAGE LOT,SageLot-212,41.55422386382239,-70.5065764302572,0.1711
SAGE LOT,SageLot-213,41.55422406157028,-70.50657646123001,0.1771
SAGE LOT,SageLot-214,41.554224215679284,-70.50657638566942,0.1711
SAGE LOT,SageLot-215,41.554214298937694,-70.50657982575727,0.1721
SAGE LOT,SageLot-216,41.554214307140796,-70.50657988710134,0.1781
SAGE LOT,SageLot-217,41.554214315469565,-70.50657993885562,0.1721
SAGE LOT,SageLot-218,41.554158115937,-70.50644834547006,0.1351
SAGE LOT,SageLot-219,41.554158023789704,-70.50644850400786,0.1291
SAGE LOT,SageLot-220,41.554158005953994,-70.50644849040367,0.1361
SAGE LOT,SageLot-221,41.55416771364656,-70.50644519413048,0.0881
SAGE LOT,SageLot-222,41.55416755956903,-70.50644526729387,0.0901
SAGE LOT,SageLot-223,41.554170301080056,-70.50645806887638,0.1781
SAGE LOT,SageLot-224,41.554170335777606,-70.50645817040561,0.1761
SAGE LOT,SageLot-225,41.554170371700366,-70.5064581784344,0.1721
SAGE LOT,SageLot-226,41.55416074935334,-70.50646183521516,0.2071
SAGE LOT,SageLot-227,41.55416074353776,-70.50646159166523,0.2171
SAGE LOT,SageLot-228,41.554063601709025,-70.50587595379149,0.2291
SAGE LOT,SageLot-229,41.554063630763,-70.50587579858475,0.2351
SAGE LOT,SageLot-230,41.554063692850654,-70.50587587197128,0.2241
SAGE LOT,SageLot-231,41.554072937377676,-70.5058735529116,0.2301
SAGE LOT,SageLot-232,41.55407293788012,-70.50587351455249,0.2321
SAGE LOT,SageLot-233,41.55407292186571,-70.50587336189673,0.2341
SAGE LOT,SageLot-234,41.55407531764533,-70.5058857453229,0.2381
SAGE LOT,SageLot-235,41.55407503862343,-70.50588573045182,0.2331
SAGE LOT,SageLot-236,41.554065343913706,-70.5058894120127,0.2261
SAGE LOT,SageLot-237,41.55406529021792,-70.50588938558535,0.2211
SAGE LOT,SageLot-238,41.55406536275438,-70.50588934889852,0.2241
SAGE LOT,SageLot-239,41.55400920263348,-70.50577050240545,0.2701
SAGE LOT,SageLot-240,41.55400932176123,-70.50577034689152,0.2581
SAGE LOT,SageLot-241,41.554018526281354,-70.50576695610646,0.2591
SAGE LOT,SageLot-242,41.55401845357221,-70.50576700597932,0.2661
SAGE LOT,SageLot-243,41.554018301096534,-70.50576695687464,0.2591
SAGE LOT,SageLot-244,41.554021591692326,-70.50577979033073,0.2641
SAGE LOT,SageLot-245,41.55402151744454,-70.50577995767826,0.2631
SAGE LOT,SageLot-246,41.554021536646275,-70.50577986699349,0.2551
SAGE LOT,SageLot-247,41.554012075045364,-70.50578363072013,0.2401
SAGE LOT,SageLot-248,41.554012064816455,-70.50578372401135,0.2431
SAGE LOT,SageLot-249,41.55401134877614,-70.50564446240286,0.3741
SAGE LOT,SageLot-250,41.55401133021817,-70.50564450394008,0.3731
SAGE LOT,SageLot-251,41.554011283485714,-70.50564463355568,0.3751
SAGE LOT,SageLot-252,41.55402059608486,-70.5056412428631,0.4081
SAGE LOT,SageLot-253,41.55402370674949,-70.50565268599397,0.3241
SAGE LOT,SageLot-254,41.55402386870045,-70.50565269934575,0.3281
SAGE LOT,SageLot-255,41.55402381440805,-70.50565271847,0.3341
SAGE LOT,SageLot-256,41.554014882038175,-70.50565802453255,0.3021
SAGE LOT,SageLot-257,41.554014856077266,-70.50565794359125,0.3061
SAGE LOT,SageLot-258,41.553960856569184,-70.505539847803135,0.5211
SAGE LOT,SageLot-259,41.55396090930747,-70.50553994735209,0.5201
SAGE LOT,SageLot-260,41.553970126815834,-70.5055376276206,0.5191
SAGE LOT,SageLot-261,41.55397026349654,-70.50553750728717,0.5181
SAGE LOT,SageLot-262,41.553972603246635,-70.50555004526203,0.5191
SAGE LOT,SageLot-263,41.553972630636146,-70.50555001711969,0.5211
SAGE LOT,SageLot-264,41.55397254125293,-70.50554996468358,0.5211
SAGE LOT,SageLot-265,41.55396272799721,-70.50555307037558,0.5321
SAGE LOT,SageLot-266,41.553962745566174,-70.50555310435773,0.5401
SAGE LOT,SageLot-267,41.55438402741276,-70.50559659359152,0.5131
SAGE LOT,SageLot-268,41.5543839991441,-70.50559668886275,0.5061
SAGE LOT,SageLot-269,41.55439357432918,-70.50559594344267,0.4781
SAGE LOT,SageLot-270,41.554393666428226,-70.50559578849925,0.4871
SAGE LOT,SageLot-271,41.554394228676735,-70.50560994004857,0.5111
SAGE LOT,SageLot-272,41.55439413872841,-70.50560993076623,0.5091
SAGE LOT,SageLot-273,41.55439420194656,-70.50560991784448,0.5081
SAGE LOT,SageLot-274,41.55438376045172,-70.50560941288595,0.4891
SAGE LOT,SageLot-275,41.55438378517245,-70.5056095885272,0.4861
SAGE LOT,SageLot-276,41.55442662236432,-70.50570862546508,0.3781
SAGE LOT,SageLot-277,41.55443530637778,-70.50570371410967,0.3531
SAGE LOT,SageLot-278,41.554439873980826,-70.50571532423604,0.3481
SAGE LOT,SageLot-279,41.554439720186345,-70.50571537582435,0.3521
SAGE LOT,SageLot-280,41.55443979253435,-70.50571535352186,0.3461
SAGE LOT,SageLot-281,41.5544397287667,-70.50571540839903,0.3461
SAGE LOT,SageLot-282,41.554430801104715,-70.50572173022641,0.3781
SAGE LOT,SageLot-283,41.554430920106796,-70.50572158430123,0.3891
SAGE LOT,SageLot-284,41.55443096953975,-70.50572124850353,0.3581
SAGE LOT,SageLot-285,41.554427457228634,-70.50583399563415,0.2551
SAGE LOT,SageLot-286,41.554427204246025,-70.50583405571142,0.2591
SAGE LOT,SageLot-287,41.554436203947226,-70.50582911093214,0.2851
SAGE LOT,SageLot-288,41.5544361773898,-70.50582907554191,0.2871
SAGE LOT,SageLot-289,41.55444023425732,-70.50584116904619,0.2861
SAGE LOT,SageLot-290,41.554440180828465,-70.50584112224033,0.2881
SAGE LOT,SageLot-291,41.55443130362209,-70.50584634205603,0.2751
SAGE LOT,SageLot-292,41.55443124030971,-70.50584636216993,0.2791
SAGE LOT,SageLot-293,41.554480865017396,-70.50593879402658,0.2501
SAGE LOT,SageLot-294,41.554480854552835,-70.50593890529937,0.2501
SAGE LOT,SageLot-295,41.55448957669472,-70.5059352095386,0.2541
SAGE LOT,SageLot-296,41.55754885147722,-70.50447471516281,0.3915
SAGE LOT,SageLot-297,41.557527984708464,-70.5044235982058,0.3345
SAGE LOT,SageLot-298,41.55751082303099,-70.50437815286084,0.3774
SAGE LOT,SageLot-299,41.557466225910986,-70.50440829513649,0.3976
SAGE LOT,SageLot-300,41.557490949953426,-70.50448263910732,0.3776
SAGE LOT,SageLot-301,41.55751379100369,-70.50453719904351,0.3717
SAGE LOT,SageLot-302,41.55745639980319,-70.5045969739851,0.3819
SAGE LOT,SageLot-303,41.557425176947795,-70.50455452170951,0.4059
SAGE LOT,SageLot-304,41.55740193100499,-70.50451032268404,0.3398
SAGE LOT,SageLot-305,41.5572383967466,-70.5048883155011,0.3548
SAGE LOT,SageLot-306,41.55723928589515,-70.50488004644104,0.3777
SAGE LOT,SageLot-307,41.557229570921166,-70.50487598976561,0.3598
SAGE LOT,SageLot-308,41.55721942172505,-70.50488281125105,0.3478
SAGE LOT,SageLot-309,41.55721327808665,-70.50489326794535,0.3708
SAGE LOT,SageLot-310,41.55720367543914,-70.50505917581508,0.3481
SAGE LOT,SageLot-311,41.55721270764921,-70.50505312107418,0.3581
SAGE LOT,SageLot-312,41.557212003528775,-70.50503652296362,0.3521
SAGE LOT,SageLot-313,41.5572037779284,-70.50502884943172,0.3601
SAGE LOT,SageLot-314,41.55718910935482,-70.50503784679329,0.3381
SAGE LOT,SageLot-315,41.55717892306972,-70.50505417420223,0.3361
SAGE LOT,SageLot-316,41.557084930461166,-70.50496777497834,0.2962
SAGE LOT,SageLot-317,41.55708178475731,-70.50498067670634,0.3392
SAGE LOT,SageLot-318,41.5570896529538,-70.50498923168782,0.3302
SAGE LOT,SageLot-319,41.557099157893084,-70.5049783709608,0.3101
SAGE LOT,SageLot-320,41.55709964036085,-70.50496195030554,0.3471
SAGE LOT,SageLot-321,41.55692258443298,-70.50529267051658,0.283
SAGE LOT,SageLot-322,41.55691249419665,-70.50528948406044,0.299
SAGE LOT,SageLot-323,41.55692125691455,-70.50528069268333,0.3
SAGE LOT,SageLot-324,41.55691437835345,-70.50527140040255,0.318
SAGE LOT,SageLot-325,41.55692605510589,-70.5052687790707,0.3119
SAGE LOT,SageLot-326,41.55678046977198,-70.5053624692775,0.2593
SAGE LOT,SageLot-327,41.55677593774478,-70.5053686379754,0.2704
SAGE LOT,SageLot-328,41.55678219078416,-70.50537768789223,0.2614
SAGE LOT,SageLot-329,41.55679157220611,-70.50537853277763,0.2734
SAGE LOT,SageLot-330,41.55679359950424,-70.50536623351698,0.2793
SAGE LOT,SageLot-331,41.55677644933585,-70.50520602055371,0.2621
SAGE LOT,SageLot-332,41.55676842664237,-70.50521029875824,0.2311
SAGE LOT,SageLot-333,41.55676579514605,-70.50522148558863,0.2421
SAGE LOT,SageLot-334,41.556774838261916,-70.50522904495938,0.2621
SAGE LOT,SageLot-335,41.556783130409755,-70.50522035299225,0.2601
SAGE LOT,SageLot-336,41.555345670904224,-70.50657600466897,0.1219
SAGE LOT,SageLot-337,41.55534802838536,-70.50658896784485,0.1299
SAGE LOT,SageLot-338,41.55535581079034,-70.50658832121977,0.1249
SAGE LOT,SageLot-339,41.5553644115934,-70.50657546627534,0.1228
SAGE LOT,SageLot-340,41.55535738831018,-70.50655887413897,0.1198
SAGE LOT,SageLot-341,41.55545786962108,-70.50664985232413,0.1168
SAGE LOT,SageLot-342,41.55546360781302,-70.50664354158154,0.1118
SAGE LOT,SageLot-343,41.555459602268805,-70.50663434248436,0.1118
SAGE LOT,SageLot-344,41.555451356997445,-70.50663127069917,0.1188
SAGE LOT,SageLot-345,41.555466597008405,-70.50665373032199,0.0998
SAGE LOT,SageLot-346,41.55546666944132,-70.50647788699338,0.1105
SAGE LOT,SageLot-347,41.55546286032966,-70.50647012420801,0.1045
SAGE LOT,SageLot-348,41.55547059854246,-70.50647257504774,0.1205
SAGE LOT,SageLot-349,41.555475369813486,-70.50647908432505,0.1075
SAGE LOT,SageLot-350,41.555476007463135,-70.50648987915514,0.1205
SAGE LOT,SageLot-351,41.555191358136845,-70.50681631050664,0.1525
SAGE LOT,SageLot-352,41.55519644017221,-70.5068245345283,0.1506
SAGE LOT,SageLot-353,41.55520516306209,-70.50681810370243,0.1495
SAGE LOT,SageLot-354,41.55520378022577,-70.50680733477158,0.1705
SAGE LOT,SageLot-355,41.55519800479137,-70.506797656913065,0.1705
SAGE LOT,SageLot-356,41.55503686854767,-70.50689945409917,0.202
SAGE LOT,SageLot-357,41.555042986667075,-70.50689941037051,0.1899
SAGE LOT,SageLot-358,41.5550388631953,-70.50688965818964,0.1899
SAGE LOT,SageLot-359,41.55502982102004,-70.50688966276826,0.1949
SAGE LOT,SageLot-360,41.55502336726221,-70.50689820274616,0.204
SAGE LOT,SageLot-361,41.55518169417214,-70.50699527455437,0.1649
SAGE LOT,SageLot-362,41.55518943000678,-70.50698959184662,0.1648
SAGE LOT,SageLot-363,41.555186428150755,-70.50697638588743,0.1588
SAGE LOT,SageLot-364,41.555177680288814,-70.5069718718618,0.1518
SAGE LOT,SageLot-365,41.55516795728946,-70.50698080115039,0.1579
SAGE LOT,SageLot-366,41.554599072587955,-70.50611777792106,0.2404
SAGE LOT,SageLot-367,41.55460020665203,-70.50612499043656,0.2374
SAGE LOT,SageLot-368,41.55460896237974,-70.5061255378774,0.2454
SAGE LOT,SageLot-369,41.554609841536134,-70.50611260685037,0.2533
SAGE LOT,SageLot-370,41.554696113390506,-70.50605112494908,0.2681
SAGE LOT,SageLot-371,41.55470296817065,-70.50604442046595,0.2971
SAGE LOT,SageLot-372,41.554696611723166,-70.50603171712703,0.3031
SAGE LOT,SageLot-373,41.554685841908395,-70.50603991112315,0.2741
SAGE LOT,SageLot-374,41.554686793224455,-70.50605282351239,0.2621
SAGE LOT,SageLot-375,41.55467006689121,-70.5062035538225,0.2364
SAGE LOT,SageLot-376,41.55467756212817,-70.50619883914358,0.2524
SAGE LOT,SageLot-377,41.554674502625076,-70.50618865131457,0.2454
SAGE LOT,SageLot-378,41.55466450059979,-70.5061876708294,0.2364
SAGE LOT,SageLot-379,41.55466452850292,-70.5062040343606,0.2434
STATE GAME FARM,SGF2,41.73124053,-70.42717129,1.1381000000000001
STATE GAME FARM,SGF3,41.73131294,-70.42718416,1.2841
STATE GAME FARM,SGF3,41.7313132,-70.42718388,1.2511
STATE GAME FARM,SGF3,41.73131295,-70.42718396,1.2511
STATE GAME FARM,SGF3,41.73131344,-70.42718392,1.2761
STATE GAME FARM,SGF3,41.73137483,-70.42722611,1.5011
STATE GAME FARM,SGF3,41.73138571,-70.42723837,1.2861
STATE GAME FARM,SGF3,41.73138569,-70.42723857,1.2971
STATE GAME FARM,SGF3,41.73138518,-70.42723842,1.3041
STATE GAME FARM,SGF3,41.73138541,-70.42723822,1.3011
STATE GAME FARM,SGF3,41.731403,-70.4272432,1.3061
STATE GAME FARM,SGF4,41.7313851,-70.42723852,1.3341
STATE GAME FARM,SGF5,41.73145035,-70.42727122,0.8501
STATE GAME FARM,SGF9,41.73030154,-70.42952861,1.1081
STATE GAME FARM,SGF10,41.7302733,-70.42943528,1.0681
STATE GAME FARM,SGF11,41.73022701,-70.42934657,1.1181
STATE GAME FARM,SGF12,41.73018225,-70.42925252,1.1131
STATE GAME FARM,SGF13,41.73014916,-70.42914304,1.0241
STATE GAME FARM,SGF14,41.73010075,-70.42904561,1.0881
STATE GAME FARM,SGF15,41.7300649,-70.42892765,1.0751
STATE GAME FARM,SGF16,41.73002714,-70.42885047,1.0371
STATE GAME FARM,SGF17,41.73066832,-70.42889554,1.1411
STATE GAME FARM,SGF18,41.73060227,-70.42881931,1.1391
STATE GAME FARM,SGF19,41.73052967,-70.42872863,1.0781
STATE GAME FARM,SGF20,41.7304738,-70.42865902,1.0631
STATE GAME FARM,SGF21,41.73045104,-70.42863011,0.9591000000000001
STATE GAME FARM,SGF22,41.7299751,-70.42790873,1.0621
STATE GAME FARM,SGF23,41.73002284,-70.42799465,1.0971
STATE GAME FARM,SGF24,41.73007612,-70.42807243,1.1221
STATE GAME FARM,SGF25,41.73014035,-70.42812567,1.0811
STATE GAME FARM,SGF26,41.73021495,-70.42817314,1.1431
STATE GAME FARM,SGF27,41.73028517,-70.42824325,1.1041
STATE GAME FARM,SGF28,41.73033641,-70.42828672,1.0931
STATE GAME FARM,SGF39,41.73123957,-70.42666934,1.1814
STATE GAME FARM,SGF40,41.73131852,-70.42669863,1.3211
STATE GAME FARM,SGF41,41.73139225,-70.42673294,1.3164
STATE GAME FARM,SGF42,41.73146451,-70.42677177,1.2924
STATE GAME FARM,SGF43,41.7315303,-70.42680207,1.3086
STATE GAME FARM,SGF44,41.7316016,-70.42683623,1.2953000000000001
STATE GAME FARM,SGF45,41.73167186,-70.42686618,1.246
STATE GAME FARM,SGF46,41.73170329,-70.42687499,1.1340000000000001
STATE GAME FARM,SGF47,41.73224937,-70.42606623,1.3999
STATE GAME FARM,SGF48,41.73217498,-70.42606307,1.4081
STATE GAME FARM,SGF49,41.73208087,-70.42606279,1.3668
STATE GAME FARM,SGF50,41.73198844,-70.42604162,1.3167
STATE GAME FARM,SGF51,41.73189979,-70.42602826,1.2997
STATE GAME FARM,SGF52,41.73180733,-70.42602004,1.3135000000000001
STATE GAME FARM,SGF53,41.73172104,-70.4260021,1.3336000000000001
STATE GAME FARM,SGF54,41.73163005,-70.4259916,1.331
STATE GAME FARM,SGF55,41.73154049,-70.42598972,1.2686
STATE GAME FARM,SGF56,41.73149477,-70.42601412,0.9948
OLD COUNTY,OLDCOUNTYWELL,41.96021545,-70.05617015,0.37210000000000004
OLD COUNTY,OLDCOUNTYPAR,41.96024845,-70.05610747,0.441
OLD COUNTY,CORELOCS?,41.96040072,-70.05597329,0.45780000000000004
OLD COUNTY,CORELOCS?,41.960402,-70.05597496,0.45480000000000004
OLD COUNTY,CORELOCS?,41.96040417,-70.05597584,0.45980000000000004
OLD COUNTY,CORELOCS?,41.9604332,-70.05591699,0.44670000000000004
OLD COUNTY,OLDCOUNTYSTAKE,41.96042621,-70.05595573,0.4777
OLD COUNTY,OLDCOUNTYSTAKE,41.96041974,-70.05595522,0.4667
OLD COUNTY,OLDCOUNTYSTAKE,41.96041325,-70.05594686,0.5117
OLD COUNTY,CORE?,41.9603922,-70.05596541,0.45680000000000004
OLD COUNTY,CORE?,41.96038249,-70.05595655,0.4688
OLD COUNTY,COLLAR,41.96044997,-70.05576765,0.4636
OLD COUNTY,COLLAR,41.96048076,-70.0557263,0.47150000000000003
OLD COUNTY,COLLAR,41.96050287,-70.05569489,0.4515
OLD COUNTY,COLLAR,41.96051789,-70.05567374,0.14550000000000002
OLD COUNTY,WELL,41.96040207,-70.0559254,0.43470000000000003
OLD COUNTY,WELL,41.96037453,-70.05594504,0.4048
OLD COUNTY,WELL,41.96037595,-70.05594618,0.4058
OLD COUNTY,WELL,41.96037841,-70.05594684,0.4278
OLD COUNTY,WELL,41.96039086,-70.05596542,0.4388
OLD COUNTY,COLLAR,41.96027627,-70.05605043,0.386
OLD COUNTY,COLLAR,41.96026321,-70.05604495,0.389
OLD COUNTY,COLLAR,41.96026476,-70.05605696,0.396
OLD COUNTY,COLLAR,41.96026963,-70.05606771,0.406
OLD COUNTY,COLLAR,41.96019318,-70.05616882,0.3981
QUIVET,DEEPWELL,41.74701842,-70.14341861,1.3843
QUIVET,SHALLOWWELL,41.74702391,-70.1433966,1.3882
QUIVET,SHALLOWWELLRESTORED,41.74702204,-70.14391802,1.3523
QUIVET,DEEPWELLRESTORED,41.74703929,-70.14391038,1.3503
QUIVET,CREEKHOBOSEDBOTTOM,41.74695021,-70.14332179,0.0683
QUIVET,CREEKHOBOINSTRUMENTTOP,41.74695037,-70.14332218,0.2903
QUIVET,TRANS1,41.74695353,-70.14332151,0.0633
QUIVET,TRANS1,41.74695958,-70.14331958,0.0753
QUIVET,TRANS1,41.74696528,-70.14331813,0.6663
QUIVET,TRANS1,41.7469809,-70.14332373,1.1523
QUIVET,TRANS1,41.747002,-70.14333696,1.3183
QUIVET,TRANS1,41.74703101,-70.14335928,1.3672
QUIVET,TRANS1,41.74706497,-70.14338502,1.3792
QUIVET,TRANS1,41.74709032,-70.14341522,1.3672
QUIVET,TRANS1,41.74712546,-70.14344085,1.3441
QUIVET,TRANS1,41.74716605,-70.14346222,1.3401
QUIVET,TRANS1,41.74718343,-70.14347059,1.2661
QUIVET,TRANS1,41.7471882,-70.14347172,0.9321
QUIVET,TRANS1,41.74719414,-70.14347193,1.2781
QUIVET,TRANS1,41.74721376,-70.14347769,1.336
QUIVET,TRANS1,41.74724925,-70.14349636,1.37
QUIVET,TRANS1,41.74728905,-70.14352222,1.3860000000000001
QUIVET,TRANS1,41.74733064,-70.14354859,1.4239
QUIVET,TRANS1,41.74737823,-70.14357795,1.4199
QUIVET,TRANS1,41.74742382,-70.14360427,1.4138
QUIVET,TRANS1,41.74747054,-70.14364012,1.4438
QUIVET,TRANS1,41.7475113,-70.14366683,1.4377
QUIVET,TRANS1,41.74755143,-70.14369822,1.4887
QUIVET,TRANS1,41.7475849,-70.14372604,1.5567
QUIVET,COLLARNATURAL,41.74702062,-70.14346363,1.3893
QUIVET,COLLARNATURAL,41.74702798,-70.1434391,1.4012
QUIVET,COLLARNATURAL,41.74700298,-70.14342472,1.3793
QUIVET,COLLARNATURAL,41.74699658,-70.14345147,1.3743
QUIVET,MYSTERYWELL,41.74707561,-70.1434187,1.3722
QUIVET,QUADNB,41.74697658,-70.14286398,1.2802
QUIVET,QUADNB,41.74700902,-70.14290551,1.2022
QUIVET,QUADNB,41.74703968,-70.14286291,1.2601
QUIVET,QUADNB,41.74700705,-70.1428202,1.2981
QUIVET,QUADNA,41.74710123,-70.14275382,1.29
QUIVET,QCNA,41.74710331,-70.14275561,1.302
QUIVET,QCNA,41.74712886,-70.14280076,1.274
QUIVET,QCNA,41.74716426,-70.14276348,1.301
QUIVET,QCNA,41.74713486,-70.1427151,1.313
QUIVET,TRANS2,41.74712897,-70.14284298,0.86
QUIVET,TRANS2,41.74711874,-70.1428204,1.2630000000000001
QUIVET,TRANS2,41.74710173,-70.14279225,1.307
QUIVET,TRANS2,41.74707447,-70.14276157,1.3171
QUIVET,TRANS2,41.74703393,-70.14272078,1.3591
QUIVET,TRANS2,41.74699429,-70.14268192,1.4141
QUIVET,TRANS2,41.74695448,-70.14264415,1.4092
QUIVET,TRANS2,41.74691501,-70.14261291,1.4202
QUIVET,TRANS2,41.7468741,-70.1425745,1.3892
QUIVET,TRANS2,41.74684251,-70.14254598,1.3783
QUIVET,TRANS2,41.74681247,-70.14252493,1.3323
QUIVET,TRANS2,41.7467791,-70.14249624,1.2073
QUIVET,QCRBPLOTELEVATION,41.74669341,-70.14388475,1.3257
QUIVET,QCRBPLOTELEVATION,41.7466957,-70.1438811,1.4327
QUIVET,QCRBPLOTELEVATION,41.74669963,-70.14387719,1.4497
QUIVET,QCRBPLOTELEVATION,41.74670558,-70.14387192,1.4087
QUIVET,QCRBPLOTELEVATION,41.7467124,-70.14386531,1.3837
QUIVET,QCRBPLOTELEVATION,41.74671981,-70.14385826,1.3807
QUIVET,QCRBPLOTELEVATION,41.74672669,-70.14385027,1.3877
QUIVET,QCRBPLOTELEVATION,41.74673253,-70.14384363,1.4007
QUIVET,QCRBPLOTELEVATION,41.74673817,-70.14383705,1.3907
QUIVET,QCRBPLOTELEVATION,41.7467418,-70.14383176,1.4326
QUIVET,QCRBPLOTELEVATION,41.74669781,-70.14382539,1.3437000000000001
QUIVET,QCRBPLOTELEVATION,41.74669944,-70.14383195,1.3697
QUIVET,QCRBPLOTELEVATION,41.74670436,-70.14384027,1.3587
QUIVET,QCRBPLOTELEVATION,41.74670978,-70.14384801,1.3667
QUIVET,QCRBPLOTELEVATION,41.74671593,-70.14385894,1.3517000000000001
QUIVET,QCRBPLOTELEVATION,41.74672214,-70.14386962,1.3717
QUIVET,QCRBPLOTELEVATION,41.74672749,-70.14387732,1.3707
QUIVET,QCRBPLOTELEVATION,41.74673206,-70.14388595,1.3747
QUIVET,QCRBPLOTELEVATION,41.74673726,-70.14389084,1.3577
QUIVET,QCRB,41.74656008,-70.14425027,1.3939
QUIVET,QUADC,41.74655455,-70.14424863,1.3959
QUIVET,QUADC,41.74659706,-70.14426719,1.3699000000000001
QUIVET,QUADC,41.7466112,-70.14420918,1.3789
QUIVET,QUADC,41.74656797,-70.14419082,1.3769
QUIVET,COLLAR,41.74705178,-70.1439047,1.3443
QUIVET,COLLAR,41.74705964,-70.14388502,1.3073
QUIVET,COLLAR,41.7470443,-70.14387181,1.2903
QUIVET,COLLAR,41.74703807,-70.14389132,1.3153
BASS,BCNA,41.71632573,-70.24051873,1.4286
BASS,QUAD,41.7163294,-70.24051769,1.4296
BASS,QUAD,41.71632459,-70.24045985,1.4476
BASS,QUAD,41.71627982,-70.24046496,1.3927
BASS,QUAD,41.71628198,-70.24052416,1.2557
BASS,BCNB,41.71573367,-70.24022348,1.4554
BASS,QUAD,41.71573393,-70.24021873,1.4614
BASS,QUAD,41.71568917,-70.24022565,1.4315
BASS,QUAD,41.7156944,-70.24028527,1.3685
BASS,QUAD,41.71573964,-70.24027816,1.3244
BASS,SHALLOWWELLNAT,41.71619758,-70.23724952,1.5957000000000001
BASS,DEEPWELLNAT,41.71615181,-70.23724487,1.5657
BASS,COLLAR,41.7161834,-70.23726232,1.6157
BASS,COLLAR,41.71618354,-70.23724217,1.6307
BASS,COLLAR,41.71616231,-70.23723575,1.5797
BASS,COLLAR,41.71616147,-70.23725547,1.5737
BASS,COLLAR,41.71616276,-70.23727297,1.5657
BASS,COLLAR,41.71617566,-70.23727697,1.5817
BASS,DEEPWELLRESTORED,41.71620545,-70.23693449,1.5845
BASS,SHALLOWWELLRESTORED,41.71618929,-70.2367603,1.6345
BASS,COLLAR,41.71621343,-70.2369707,1.5845
BASS,COLLAR,41.71622204,-70.23695363,1.5595
BASS,COLLAR,41.71621522,-70.2369408,1.5665
BASS,COLLAR,41.71620682,-70.23695255,1.5695000000000001
BASS,BCRA,41.71594011,-70.23596003,1.5166
BASS,BCRA,41.71593807,-70.23596043,1.5036
BASS,QUAD,41.71592229,-70.23596477,1.4806
BASS,QUAD,41.71596688,-70.23595804,1.5755000000000001
BASS,QUAD,41.71596064,-70.23589849,1.5625
BASS,QUAD,41.71591659,-70.23590499,1.5076
BASS,BCRB,41.71612398,-70.23613153,1.4484
BASS,QUAD,41.71612469,-70.23612418,1.4613
BASS,QUAD,41.71608068,-70.23612817,1.6074
BASS,QUAD,41.71608214,-70.23618774,1.5694
BASS,QUAD,41.71612718,-70.23618522,1.4934
SB,COLLAR1,41.75466017,-70.11510081,1.4476
SB,COLLAR2,41.75464847,-70.11508823,1.4556
SB,COLLAR3,41.75464285,-70.1150986,1.4686000000000001
SB,COLLAR4,41.75465099,-70.11510972,1.4686000000000001
SB,SHALLOWWELL,41.75462347,-70.11514281,1.4336
SB,DEEPWELL,41.75433745,-70.11548871,1.4879
SB,COLLAR5,41.7543678,-70.11550073,1.4659
SB,COLLAR6,41.75435631,-70.11549677,1.4689
SB,COLLAR7,41.75435565,-70.11551454,1.4719
SB,COLLAR8,41.75436664,-70.11551368,1.4569
SB,EXPERIMENTCORE1A,41.75436896,-70.11553361,1.4669
SB,EXPERIMENTCORE1B,41.7543692,-70.11553095,1.4209
SB,EXPERIMENTCORE1C,41.75436892,-70.11552824,1.4399
SB,EXPERIMENTCORE2A,41.75436502,-70.11548135,1.4559
SB,EXPERIMENTCORE2B,41.75436366,-70.11547916,1.4539
SB,EXPERIMENTCORE2C,41.75436314,-70.11548163,1.4909000000000001
SB,EXPERIMENTCORE3A,41.75434388,-70.11547289,1.4559
SB,EXPERIMENTCORE3B,41.75434245,-70.11546928,1.4949000000000001
SB,EXPERIMENTCORE3C,41.75434075,-70.11547194,1.4539
SB,EXPERIMENTCORE4A,41.75434732,-70.1155291,1.4889000000000001
SB,EXPERIMENTCORE4B,41.7543484,-70.11552395,1.4769
SB,EXPERIMENTCORE4C,41.75434976,-70.11552242,1.4459
SB,EXPERIMENTCORE1D,41.75437019,-70.11553179,1.4939
SB,EXPERIMENTCORE2D,41.75436383,-70.11548074,1.4809
SB,EXPERIMENTCORE3D,41.75434241,-70.11547154,1.5109
SB,EXPERIMENTCORE4D,41.75434865,-70.11552556,1.5029000000000001
SB,SBNB,41.75497372,-70.11481587,1.4472
SB,QUADB,41.75497029,-70.11481835,1.4562
SB,QUADB2,41.75501679,-70.11482559,1.4862
SB,QUADB3,41.75502125,-70.11476614,1.3062
SB,QUADB4,41.75497531,-70.11475846,1.2982
SB,SBNA,41.75468393,-70.11495907,1.3255000000000001
SB,TRANS1,41.75551729,-70.11447541,0.16360000000000002
SB,TRANS1,41.75551147,-70.1144792,1.2727
SB,TRANS1,41.75546811,-70.11451516,1.4657
SB,TRANS1,41.75542758,-70.11455024,1.4717
SB,TRANS1,41.75538519,-70.11458548,1.4438
SB,TRANS1,41.75534983,-70.11461826,1.4378
SB,TRANS1,41.75530809,-70.11465495,1.4679
SB,TRANS1,41.75526888,-70.11469036,1.4429
SB,TRANS1,41.75523299,-70.11472379,1.433
SB,TRANS1,41.7551944,-70.11475976,1.418
SB,TRANS1,41.75515871,-70.11479248,1.408
SB,TRANS1,41.7551463,-70.11480433,0.9400000000000001
SB,TRANS1,41.75514123,-70.11480932,1.4571
SB,TRANS1,41.75509823,-70.11483517,1.4321
SB,TRANS1,41.75505679,-70.11486435,1.4811
SB,TRANS1,41.75501455,-70.11489234,1.4962
SB,TRANS1,41.75497408,-70.11492017,1.4732
SB,TRANS1,41.75493157,-70.11494762,1.4643
SB,TRANS1,41.75488919,-70.11497697,1.4923
SB,TRANS1,41.75484753,-70.11500631,1.4914
SB,TRANS1,41.75480379,-70.11504126,1.4994
SB,TRANS1,41.7547671,-70.11506836,1.4915
SB,TRANS1,41.75472872,-70.11510176,1.4885
SB,TRANS1,41.75468932,-70.11513431,1.4755
SB,TRANS1,41.75463981,-70.11517727,1.4056
SB,TRANS1,41.75460197,-70.11520888,1.3676
SB,TRANS1,41.75456164,-70.11524437,1.2827
SB,TRANS1,41.75452358,-70.11527752,1.3497000000000001
SB,TRANS1,41.75448885,-70.11531005,1.3788
SB,TRANS1,41.75444139,-70.1153472,1.3848
SB,TRANS1,41.75439742,-70.1153836,1.4119
SB,TRANS1,41.7543437,-70.1154207,1.4749
SB,TRANS1,41.75429374,-70.11545671,1.566
SB,TRANS1,41.75425736,-70.11548157,1.625
SB,TRANS1,41.75422652,-70.1155065,1.6331
SB,TRANS1,41.75420052,-70.11551663,1.7001
SB,TRANS1,41.75418215,-70.1155369,1.7881
SB,TRANS2,41.7541667,-70.11581067,1.6651
SB,TRANS2,41.75419097,-70.11580689,1.6431
SB,TRANS2,41.75421701,-70.11579097,1.6011
SB,TRANS2,41.75424338,-70.11577739,1.5851
SB,TRANS2,41.75428606,-70.11576235,1.545
SB,TRANS2,41.75433036,-70.11575197,1.529
SB,TRANS2,41.75437715,-70.11574425,1.4839
SB,TRANS2,41.75442415,-70.11574208,1.4599
SB,TRANS2,41.75447241,-70.11574639,1.4528
SB,TRANS2,41.75451014,-70.11574684,1.4368
SB,TRANS2,41.75455257,-70.11574778,1.4347
SB,TRANS2,41.7546035,-70.11574763,1.4237
SB,TRANS2,41.75464359,-70.11574695,1.4166
SB,TRANS2,41.75469579,-70.1157515,1.4296
SB,TRANS2,41.75473553,-70.11575049,1.3815
SB,TRANS2,41.75475316,-70.11574764,1.2785
SB,TRANS2,41.75477536,-70.11573922,1.2525
SB,TRANS2,41.75479753,-70.11574258,1.0625
SB,TRANS2,41.75480573,-70.11574039,0.8995
SB,TRANS2,41.7548144,-70.11574593,0.2375
SB,TRANS3,41.75463468,-70.11568926,1.3966
SB,TRANS3,41.7546406,-70.11563739,1.4636
SB,TRANS3,41.75464059,-70.11563738,1.4566000000000001
SB,TRANS3,41.75464817,-70.11557983,1.4726
SB,TRANS3,41.75465605,-70.11552417,1.4476
SB,TRANS3,41.7546569,-70.11546426,1.4456
SB,TRANS3,41.75465665,-70.11540114,1.4216
SB,TRANS3,41.75465926,-70.11533318,1.3836
SB,TRANS3,41.75466094,-70.11526691,1.3666
SB,TRANS3,41.75466566,-70.11520669,1.4536
SB,TRANS3,41.75467396,-70.1151288,1.4966
SB,TRANS3,41.75468093,-70.11505835,1.4865
SB,TRANS3,41.75468284,-70.11499072,1.4165
SB,TRANS3,41.75468376,-70.11496201,1.3535
SB,TRANS3,41.75467766,-70.11492651,1.1935
SB,TRANS3,41.75466982,-70.11489822,1.0785
SB,TRANS3,41.75466149,-70.11488476,1.0036
SB,TRANS3,41.75466006,-70.11488106,0.7536
SB,TRANS3,41.75465607,-70.11487782,0.5926
SB,COLLAR9,41.75248153,-70.11372638,1.3318
SB,COLLAR10,41.75248644,-70.11371827,1.3388
SB,COLLAR11,41.75248363,-70.11370718,1.3348
SB,COLLAR12,41.75247078,-70.11371747,1.3168
SB,SBRA,41.75252428,-70.11336044,1.3067
SB,QUAD,41.75252293,-70.11336349,1.3107
SB,QUAD,41.7525629,-70.11333763,1.3217
SB,QUAD,41.7525433,-70.11328299,1.3577
SB,QUAD,41.75250289,-70.11330975,1.2777
SB,TRANS4,41.7524892,-70.11327007,0.3377
SB,TRANS4,41.75249107,-70.11327473,0.8567
SB,TRANS4,41.7524953,-70.11328188,1.1117
SB,TRANS4,41.75250397,-70.11329295,1.2907
SB,TRANS4,41.75252064,-70.11330591,1.3767
SB,TRANS4,41.75249568,-70.11334116,1.2787
SB,TRANS4,41.75252223,-70.11336399,1.3027
SB,TRANS4,41.75254667,-70.11337795,1.2997
SB,TRANS4,41.75257908,-70.11339812,1.3476
SB,TRANS4,41.7526154,-70.11342911,1.3426
SB,TRANS4,41.75265483,-70.11346229,1.3276000000000001
SB,TRANS4,41.75269362,-70.11350396,1.3425
SB,TRANS4,41.75274301,-70.11354753,1.3395
SB,TRANS4,41.75278134,-70.11358205,1.3514
SB,TRANS4,41.75282932,-70.11361789,1.3414
SB,TRANS4,41.75288087,-70.11364759,1.3703
SB,TRANS4,41.75294782,-70.11369248,1.3153
SB,TRANS4,41.7529986,-70.11372403,1.3182
SB,TRANS4,41.75304539,-70.11375274,1.3262
SB,TRANS4,41.75309559,-70.11378609,1.3421
SB,TRANS4,41.7531092,-70.11379665,1.1911
SB,TRANS4,41.75311601,-70.11379743,0.5161
SB,TRANS4,41.75312415,-70.113802,1.0421
SB,TRANS4,41.75314212,-70.1138059,1.2911
SB,TRANS4,41.753196,-70.11382876,1.32
SB,TRANS4,41.75324209,-70.11385243,1.316
SB,TRANS4,41.75330302,-70.11388266,1.2979
SB,TRANS4,41.75336162,-70.1139261,1.2918
SB,TRANS4,41.75342383,-70.11396294,1.2708
SB,TRANS4,41.75347182,-70.1139919,1.2717
SB,TRANS4,41.75353543,-70.11401553,1.2977
SB,TRANS4,41.75359069,-70.11403213,1.2996
SB,TRANS4,41.75364364,-70.11406155,1.2776
SB,TRANS4,41.75370166,-70.11405707,1.3035
SB,TRANS4,41.7537674,-70.11406121,1.3324
SB,TRANS4,41.75382386,-70.11407514,1.3324
SB,TRANS4,41.75384521,-70.11407675,1.0853
SB,TRANS4,41.75387389,-70.11408996,1.3243
SB,TRANS4,41.75388162,-70.11409514,1.4133
SB,TRANS4,41.75388686,-70.11409516,1.5043
SB,TRANS5,41.75405208,-70.11377074,1.5121
SB,TRANS5,41.75403772,-70.11375767,1.2631000000000001
SB,TRANS5,41.75400783,-70.11372308,1.2392
SB,TRANS5,41.75397593,-70.11368957,1.2912000000000001
SB,TRANS5,41.75393988,-70.11365815,1.3162
SB,TRANS5,41.75390429,-70.11362741,1.3503
SB,TRANS5,41.75386326,-70.11359173,1.3303
SB,TRANS5,41.75382324,-70.11356126,1.3263
SB,TRANS5,41.75378098,-70.11352468,1.2784
SB,TRANS5,41.75373437,-70.11348931,1.3574
SB,TRANS5,41.75369173,-70.1134526,1.3555
SB,TRANS5,41.75363672,-70.11340643,1.3645
SB,TRANS5,41.75358486,-70.11336978,1.3436000000000001
SB,TRANS5,41.7535453,-70.11333255,1.3446
SB,TRANS5,41.75349584,-70.11329174,1.3077
SB,TRANS5,41.75343622,-70.11324929,1.3127
SB,TRANS5,41.75339046,-70.11322512,1.1988
SB,TRANS5,41.75334834,-70.1131834,1.2318
SB,TRANS5,41.75331143,-70.11314791,1.2518
SB,TRANS5,41.7532669,-70.1131057,1.2459
SB,TRANS5,41.75322249,-70.11307283,1.0859
SB,TRANS5,41.75319496,-70.11304843,1.034
SB,TRANS5,41.75315046,-70.11301951,1.208
SB,TRANS5,41.75310603,-70.1129921,1.2741
SB,TRANS5,41.75305215,-70.11294551,1.3101
SB,TRANS5,41.75300161,-70.11290187,1.3092
SB,TRANS5,41.75295583,-70.11286122,1.2742
SB,TRANS5,41.75293493,-70.11284262,1.1002
SB,TRANS5,41.75291633,-70.11282057,1.0332
SB,TRANS5,41.75290651,-70.11280192,0.9073
SB,TRANS5,41.75290291,-70.11279636,0.38630000000000003
SB,TRANS5,41.75289497,-70.11278492,0.3393
SB,TRANS5,41.75288272,-70.11277166,0.19030000000000002
SB,TRANS5,41.7528774,-70.11276529,0.6023000000000001
SB,TRANS5,41.75287312,-70.11275769,0.7133
SB,TRANS5,41.75286689,-70.11274637,0.8783
SB,TRANS5,41.75285231,-70.11272868,1.1613
SB,TRANS5,41.75283796,-70.11270027,1.3413
SB,QUAD,41.75294715,-70.11287226,1.2732
SB,QUAD,41.75298548,-70.11284437,1.2692
SB,QUAD,41.7529237,-70.11282343,1.0022
SB,DEEPWELL,41.75252777,-70.11417747,1.2978
SB,SHALLOWWELL,41.75252924,-70.11417879,1.3018
SB,PAR,41.75253311,-70.11417843,1.2947
SB,COLLAR13,41.75251037,-70.11417378,1.3088
SB,COLLAR14,41.75250573,-70.11418079,1.2998
SB,COLLAR15,41.75251048,-70.11418864,1.3038
SB,COLLAR16,41.75251584,-70.11418593,1.3078
STATE GAME FARM,SHALLOWWELLHIGHSAL,41.73537672,-70.42708436,1.3316000000000001
STATE GAME FARM,DEEPWELLHIGHSAL,41.73538003,-70.42708286,1.3336000000000001
STATE GAME FARM,EXPERCORE,41.73536839,-70.4271097,1.3226
STATE GAME FARM,EXPERCORE,41.73536919,-70.42711158,1.3196
STATE GAME FARM,EXPERCORE,41.73538223,-70.42709422,1.3276000000000001
STATE GAME FARM,EXPERCORE,41.73538394,-70.42709315,1.3246
STATE GAME FARM,EXPERCORE,41.73539741,-70.42708021,1.3266
STATE GAME FARM,EXPERCORE,41.7353992,-70.4270805,1.3256000000000001
STATE GAME FARM,DEEPWELL,41.73124644,-70.42725211,1.3499
STATE GAME FARM,SHALLOWWELL,41.7312492,-70.42724817,1.3559
STATE GAME FARM,COLLAR,41.73124596,-70.42728173,1.3629
STATE GAME FARM,COLLAR,41.73125435,-70.42727361,1.3689
STATE GAME FARM,COLLAR,41.73123468,-70.42723875,1.3329
STATE GAME FARM,COLLAR,41.73122935,-70.42725171,1.3399
STATE GAME FARM,SMALLCOLLAR,41.73123861,-70.42727048,1.3449
STATE GAME FARM,SMALLCOLLAR,41.73124027,-70.42726989,1.3409
STATE GAME FARM,SMALLCOLLAR,41.73125074,-70.42726389,1.3559
STATE GAME FARM,SMALLCOLLAR,41.7312522,-70.42726298,1.3429
STATE GAME FARM,SMALLCOLLAR,41.73126708,-70.42725748,1.3559
STATE GAME FARM,SMALLCOLLAR,41.73126842,-70.42725681,1.3589
STATE GAME FARM,SHALLOWWELL,41.73101456,-70.42745717,1.2202
STATE GAME FARM,DEEPWELL,41.73101191,-70.42745905,1.2312
STATE GAME FARM,COLLAR,41.73102293,-70.42748237,1.2573
STATE GAME FARM,COLLAR,41.73103417,-70.42748555,1.2533
STATE GAME FARM,COLLAR,41.731033,-70.42746322,1.2702
STATE GAME FARM,COLLAR,41.73102344,-70.42745811,1.2502
STATE GAME FARM,SMALLCOLLAR,41.73099801,-70.42747587,1.2233
STATE GAME FARM,SMALLCOLLAR,41.7310147,-70.42747116,1.2383
STATE GAME FARM,SMALLCOLLAR,41.7310322,-70.42747285,1.2352
BASS,BC3,41.71652483,-70.23948901,1.7152
BASS,BC4,41.71651386,-70.2395963,1.6228
BASS,BC5,41.7164956,-70.23970058,1.5985
BASS,BC6,41.71647173,-70.23981066,1.5889
BASS,BC7,41.71645427,-70.23992204,1.5804
BASS,BC8,41.71643163,-70.2400329,1.5259
BASS,BC9,41.71639321,-70.24013474,1.5183
BASS,BC10,41.71636312,-70.24024019,1.5247
BASS,BC11,41.71632769,-70.24033999,1.4943
BASS,BC12,41.71629303,-70.24044026,1.4278
BASS,BC13,41.71627245,-70.24046576,1.37
BASS,BC14CNA,41.71632933,-70.24051859,1.4202
BASS,BC15,41.71633153,-70.23928711,1.9475
BASS,BC16,41.71628512,-70.23935658,1.7332
BASS,BC17,41.71624014,-70.23942925,1.6977
BASS,BC18,41.71619799,-70.23950153,1.6421000000000001
BASS,BC19,41.71614907,-70.23957719,1.5606
BASS,BC20,41.71610234,-70.23965373,1.5612
BASS,BC21,41.71605513,-70.23973225,1.5495
BASS,BC22,41.71600679,-70.23981192,1.4624
BASS,BC23,41.71596288,-70.23990135,1.4051
BASS,BC24,41.71590958,-70.23997826,1.4771
BASS,BC25,41.71585936,-70.24005469,1.5375
BASS,BC26,41.71580532,-70.24012575,1.5195
BASS,BC27,41.71575233,-70.24019892,1.5107
BASS,BC28CNB,41.71573424,-70.24022141,1.461
BASS,BC29,41.71572162,-70.24028833,1.3221
BASS,BC30,41.71608605,-70.2377887,1.4247
BASS,BC31,41.71615834,-70.23779621,1.4961
BASS,BC32,41.7162344,-70.23780314,1.5329
BASS,BC33,41.71630792,-70.23781017,1.5583
BASS,BC34,41.71637932,-70.23781235,1.5993
BASS,BC35,41.7164443,-70.23781404,1.6134
BASS,BC36WN,41.7161524,-70.23724511,1.573
BASS,BC37WR,41.71620478,-70.23693564,1.58
BASS,BC38,41.71610933,-70.23665488,1.6
BASS,BC39,41.71618975,-70.23663432,1.5739
BASS,BC40,41.71626602,-70.23662536,1.6618
BASS,BC41,41.71625518,-70.23662294,1.5524
BASS,BC42,41.71627657,-70.23662934,1.5547
BASS,BC43,41.71630531,-70.23662614,1.6266
BASS,BC44,41.71638647,-70.2366117,1.5564
BASS,BC45,41.71645795,-70.23659632,1.6015
BASS,BC46,41.71654057,-70.23662554,1.6063
BASS,BC47,41.71661456,-70.23665613,1.6166
BASS,BC48,41.7173129,-70.23644521,1.5774
BASS,BC49,41.71715005,-70.23640724,1.472
BASS,BC50,41.71701564,-70.23636186,1.4687000000000001
BASS,BC51,41.71689074,-70.23631937,1.4454
BASS,BC52,41.7167538,-70.23627375,1.4295
BASS,BC53,41.71661051,-70.23622908,1.4798
BASS,BC54,41.71646587,-70.23620084,1.4881
BASS,BC55,41.71632358,-70.23617426,1.4318
BASS,BC56,41.71620042,-70.23613546,1.4681
BASS,BC57,41.71612554,-70.23612975,1.4487
BASS,BC58,41.71607851,-70.23611751,1.5507
BASS,BC59,41.71604197,-70.23611818,1.6182
BASS,BC60,41.71598148,-70.23595436,1.586
BASS,BC61CRA,41.71593936,-70.23596188,1.5213
BASS,BC62,41.71585962,-70.23596714,1.4757
BASS,BC63,41.71578649,-70.23596351,1.4891
BASS,BC64,41.7157179,-70.23595623,1.5145
BASS,BC65,41.71564692,-70.23595128,1.4778
BASS,BC66,41.71559109,-70.23592595,1.4423
BASS,BC67,41.71557106,-70.23591847,1.8637
BASS,BC68,41.71554533,-70.23590654,1.5108
BASS,BC69,41.71546038,-70.23590076,1.4687000000000001
BASS,BC70,41.71538653,-70.23589532,1.4734
BASS,BC71,41.71530611,-70.23589748,1.4735
BASS,BC72,41.71522422,-70.2358996,1.4538
BASS,BC73,41.71514678,-70.23589986,1.5413000000000001
BASS,BC74,41.71508489,-70.23588334,1.5747
BASS,BC75,41.71665954,-70.23870731,3.4995
QUIVET,QC2,41.7459889,-70.14347155,1.6893
QUIVET,QC3,41.74604967,-70.14348967,1.6258
QUIVET,QC4,41.74612048,-70.14352465,1.5462
QUIVET,QC5,41.74620516,-70.14357796,1.4458
QUIVET,QC6,41.74628303,-70.14361364,1.473
QUIVET,QC7,41.7463917,-70.14367224,1.4029
QUIVET,QC8,41.74649332,-70.14373259,1.3342
QUIVET,QC9,41.74659795,-70.14378221,1.3038
QUIVET,QC10SERA,41.74669814,-70.14382506,1.3472
QUIVET,QC10SERA,41.7467788,-70.14383944,1.2368000000000001
QUIVET,QC13CRA,41.74669956,-70.14387732,1.4258
QUIVET,QC14,41.74664812,-70.14420805,1.2612
QUIVET,QC14SERB,41.746568,-70.14419069,1.3837
QUIVET,QC15CRB,41.74656056,-70.14425091,1.3880000000000001
QUIVET,QC16,41.74648545,-70.14414335,1.395
QUIVET,QC17,41.74639627,-70.14410884,1.4067
QUIVET,QC18,41.74631259,-70.14407671,1.3897
QUIVET,QC19,41.74622516,-70.14402869,1.3779000000000001
QUIVET,QC20,41.74614301,-70.14398898,1.4239
QUIVET,QC21,41.74605921,-70.14397127,1.4667000000000001
QUIVET,QC22,41.74597148,-70.14393407,1.4665
QUIVET,QC23,41.74737895,-70.14414267,1.4513
QUIVET,QC24,41.7473071,-70.14411472,1.4527
QUIVET,QC25,41.74724501,-70.14406698,1.4652
QUIVET,QC26,41.74718056,-70.14401555,1.425
QUIVET,QC27,41.74711302,-70.14398103,1.4196
QUIVET,QC28,41.74704377,-70.14393768,1.3638000000000001
QUIVET,QC29,41.74697713,-70.14388884,1.2817
QUIVET,QC30,41.74690216,-70.14384218,1.0733
QUIVET,QC31WR,41.74703906,-70.14391037,1.3508
QUIVET,QC32WL,41.74695043,-70.1433216,0.0586
QUIVET,QC33,41.74696881,-70.14332526,0.9430000000000001
QUIVET,QC34,41.74703412,-70.14336074,1.3809
QUIVET,QC35,41.74711366,-70.14339901,1.3689
QUIVET,QC35,41.74719593,-70.14344779,1.2222
QUIVET,QC38,41.74719961,-70.1434495,1.3217
QUIVET,QC39,41.74726452,-70.14350937,1.3827
QUIVET,QC40,41.74733403,-70.14356379,1.4467
QUIVET,QC41,41.74739212,-70.14363066,1.422
QUIVET,QC42,41.74745158,-70.1436869,1.4361
QUIVET,QC43,41.74751178,-70.14374099,1.464
QUIVET,QC44WN,41.74701898,-70.14341767,1.3871
QUIVET,QC45,41.74703255,-70.14291876,1.1739
QUIVET,QC46CNB,41.74697647,-70.14286358,1.2914
QUIVET,QC47,41.74690517,-70.14281853,1.3392
QUIVET,QC48,41.74683995,-70.14278102,1.2532
QUIVET,QC49,41.74677023,-70.14273742,1.3084
QUIVET,QC50,41.74670451,-70.1426922,1.3041
QUIVET,QC51,41.746645,-70.14264688,1.2471
QUIVET,QC52,41.74658359,-70.1425992,1.3785
QUIVET,QC53,41.74651881,-70.14255437,1.3973
QUIVET,QC54,41.74645372,-70.14250931,1.4347
QUIVET,QC55,41.74638731,-70.142465670000007,1.4407
QUIVET,QC56,41.74632397,-70.14242285,1.4029
QUIVET,QC57,41.7462612,-70.14238042,1.4533
QUIVET,QC58,41.74619559,-70.14233993,1.4562
QUIVET,QC59,41.74613209,-70.14229936,1.3940000000000001
QUIVET,QC60,41.74610969,-70.14206121,1.547
QUIVET,QC61,41.74618507,-70.14209551,1.4404000000000001
QUIVET,QC62,41.74624916,-70.14213626,1.3992
QUIVET,QC63,41.74631244,-70.14217817,1.3855
QUIVET,QC64,41.74639029,-70.14220238,1.3625
QUIVET,QC65,41.74646266,-70.14222407,1.3158
QUIVET,QC66,41.74653623,-70.14225084,1.2638
QUIVET,QC67,41.74661386,-70.14228439,1.3493
QUIVET,QC68,41.74669324,-70.14233852,1.3525
QUIVET,QC69,41.74676694,-70.14238768,1.223
QUIVET,QC70,41.74683081,-70.14246148,1.3513
QUIVET,QC71,41.74689797,-70.14253798,1.3800000000000001
QUIVET,QC72,41.74696435,-70.14260984,1.3972
QUIVET,QC73,41.7470266,-70.14269257,1.3659000000000001
QUIVET,QC74CNA,41.74710117,-70.14275397,1.3023
QUIVET,QC75,41.74713678,-70.14282437,1.0468
MILL,MILLT3,41.758846883333,-70.487014121667,1.561
MILL,MILLT3,41.758905531667,-70.487037826667,1.538
MILL,MILLT3,41.758957903333,-70.487063375,1.5081
MILL,MILLT3,41.759005863333,-70.487087778333,1.4561
MILL,MILLT3,41.759042785,-70.48709812,1.3711
MILL,MILLT3,41.759083238333,-70.487113831667,1.2802
MILL,MILLT3,41.759108398333,-70.48711875,1.1912
MILL,MILLT3,41.75913783,-70.487133306667,1.0582
MILL,MILLT3,41.759168016667,-70.487151678333,1.1322
MILL,MILLT3,41.759196033333,-70.487160491667,1.0273
MILL,MILLT3,41.75921102,-70.487170035,1.1303
MILL,MILLT3,41.759231555,-70.48718378,1.1263
MILL,MILLT3,41.759253865,-70.487203968333,1.1183
MILL,MILLT3,41.759275976667,-70.487222045,1.1154
MILL,MILLT3,41.759305296667,-70.487240658333,1.1314
MILL,MILLT3,41.759334493333,-70.487255381667,1.0985
MILL,MILLCOREB,41.759770871667,-70.486330351667,1.0663
MILL,MILLCOREB,41.759772625,-70.486326015,1.0613
MILL,MILLCOREB,41.759772988333,-70.48633329,1.0653
MILL,MILLCOREB,41.759769193333,-70.486326816667,1.0693
MILL,MILLCOREC,41.759782161667,-70.486122271667,0.8728
MILL,MILLCOREC,41.759781638333,-70.48611966,0.8858
MILL,MILLCOREC,41.759784483333,-70.486119716667,0.8648
MILL,MILLCOREC,41.759783548333,-70.486122975,0.8798
MILL,MILLT1,41.759717626667,-70.486737151667,0.9752
MILL,MILLT1,41.759699131667,-70.48670683,1.0642
MILL,MILLT1,41.759677968333,-70.486678695,1.1001
MILL,MILLT1,41.759653925,-70.486651816667,1.0541
MILL,MILLT1,41.759628995,-70.486612798333,1.059
MILL,MILLT1,41.759603296667,-70.486563476667,1.1709
MILL,MILLT1,41.759574513333,-70.486529071667,1.1958
MILL,MILLT1,41.759534885,-70.486495381667,1.2207
MILL,MILLT1,41.7594936,-70.486463615,1.2616
MILL,MILLT1,41.759462421667,-70.486437326667,1.3396
MILL,MILLT1,41.759424691667,-70.486400198333,1.3535
MILL,MILLT1,41.759359135,-70.486366246667,1.4154
MILL,MILLT1,41.759291091667,-70.486337421667,1.4594
MILL,MILLT1,41.759236703333,-70.48632508,1.4694
MILL,MILLT1,41.759181035,-70.48630573,1.4523
MILL,MILLT1,41.759113003333,-70.486287293333,1.4543
MILL,MILLT1,41.759069473333,-70.48627408,1.4673
MILL,MILLT1,41.759010691667,-70.486253545,1.4712
MILL,MILLT1,41.758963178333,-70.486241438333,1.5512
MILL,MILLT2,41.759282715,-70.487057825,1.131
MILL,MILLT2,41.75926356,-70.48704602,1.195
MILL,MILLT2,41.759241473333,-70.48703882,1.237
MILL,MILLT2,41.759227523333,-70.487029228333,1.232
MILL,MILLT2,41.759197115,-70.487009558333,1.2669
MILL,MILLT2,41.759173266667,-70.486987688333,1.3119
MILL,MILLT2,41.759137995,-70.486972545,1.3788
MILL,MILLT2,41.759084048333,-70.486948163333,1.4158
MILL,MILLT2,41.759030816667,-70.486923496667,1.4697
MILL,MILLT2,41.758991488333,-70.486902553333,1.4877
MILL,MILLT2,41.758961333333,-70.486884725,1.5007
SCUSSETT,SCUSSETT1,41.778092563333,-70.518738048333,0.6779
SCUSSETT,SCUSSETT1,41.778087638333,-70.518826211667,0.6512
SCUSSETT,SCUSSETT1,41.778083321667,-70.518899203333,0.6503
SCUSSETT,SCUSSETT1,41.778080995,-70.518964398333,0.6255
SCUSSETT,SCUSSETT1,41.77807678,-70.51903121,0.5916
SCUSSETT,SCUSSETT1,41.77807461,-70.51910154,0.6008
SCUSSETT,SCUSSETT1,41.778071101667,-70.519163755,0.6029
SCUSSETT,SCUSSETT1,41.778071655,-70.519230368333,0.5811
SCUSSETT,SCUSSETT1,41.77806774,-70.519320875,0.6903
SCUSSETT,SCUSSETT1,41.778063915,-70.519397141667,0.5875
SCUSSETT,SCUSSETT1,41.778060381667,-70.519452436667,0.5056
SCUSSETT,SCUSSETT1,41.778059283333,-70.519506511667,0.4298
SCUSSETT,SCUSSETT1,41.778056388333,-70.5195506,0.4249
SCUSSETT,SCUSSETT1,41.778056835,-70.51959274,0.39
SCUSSETT,SCUSSETT1,41.778061176667,-70.519642581667,0.4011
SCUSSETT,SCUSSETT1,41.778059851667,-70.519674295,0.4141
SCUSSETT,SCUSSETT1,41.778059386667,-70.519720755,0.4863
SCUSSETT,SCUSSETT1,41.778058958333,-70.519761921667,0.5214
SCUSSETT,SCUSSETT1,41.778058968333,-70.519801438333,0.4874
SCUSSETT,SCUSSETT1,41.778063205,-70.519838565,0.5075
SCUSSETT,SCUSSETT1,41.778062995,-70.519866791667,0.6016
SCUSSETT,SCUSSETT1,41.778062786667,-70.519874308333,0.6196
SCUSSETT,SCUSSETT2,41.778230485,-70.51984503,0.4865
SCUSSETT,SCUSSETT2,41.778230906667,-70.519831763333,0.4925
SCUSSETT,SCUSSETT2,41.778232875,-70.519810228333,0.4664
SCUSSETT,SCUSSETT2,41.778234943333,-70.519780685,0.4443
SCUSSETT,SCUSSETT2COREB,41.77823889,-70.519771276667,0.4793
SCUSSETT,SCUSSETT2COREB,41.77824078,-70.519768313333,0.4903
SCUSSETT,SCUSSETT2COREB,41.778237861667,-70.519766806667,0.4813
SCUSSETT,SCUSSETT2COREB,41.778236143333,-70.519769531667,0.4633
SCUSSETT,SCUSSETT2,41.778232943333,-70.519731811667,0.5252
SCUSSETT,SCUSSETT2,41.77823174,-70.519693756667,0.5471
SCUSSETT,SCUSSETT2,41.778231145,-70.51965134,0.538
SCUSSETT,SCUSSETT2,41.778230935,-70.519604225,0.5779
SCUSSETT,SCUSSETT2,41.778228255,-70.519548845,0.5728
SCUSSETT,SCUSSETT2,41.778229411667,-70.519502113333,0.5567
SCUSSETT,SCUSSETT2,41.778228891667,-70.519457818333,0.5856
SCUSSETT,SCUSSETT2,41.77822852,-70.519412923333,0.6305
SCUSSETT,SCUSSETT2,41.778231286667,-70.519383908333,0.6574
SCUSSETT,SCUSSETT2,41.778235685,-70.519352413333,0.6833
SCUSSETT,SCUSSETT2,41.778237656667,-70.519316908333,0.7143
SCUSSETT,SCUSSETT3,41.77849146,-70.519364638333,0.7173
SCUSSETT,SCUSSETT3,41.778493683333,-70.519424853333,0.7314
SCUSSETT,SCUSSETT3,41.778497113333,-70.519458501667,0.7395
SCUSSETT,SCUSSETT3,41.778499491667,-70.51949619,0.6986
SCUSSETT,SCUSSETT3,41.778504735,-70.519531496667,0.7127
SCUSSETT,SCUSSETT3,41.778507151667,-70.519580695,0.6628
SCUSSETT,SCUSSETT3,41.778507055,-70.519624881667,0.6149
SCUSSETT,SCUSSETT3,41.77850721,-70.519661416667,0.616
SCUSSETT,SCUSSETT3,41.778506451667,-70.519687898333,0.574
SCUSSETT,SCUSSETT3,41.778506995,-70.519719663333,0.5241
SCUSSETT,SCUSSETT3COREC,41.77850756,-70.519724771667,0.5401
SCUSSETT,SCUSSETT3COREC,41.778508193333,-70.51972749,0.5201
SCUSSETT,SCUSSETT3COREC,41.77851045,-70.51972518,0.5201
SCUSSETT,SCUSSETT3COREC,41.778508751667,-70.5197218,0.5451
SCUSSETT,SCUSSETT3,41.778508731667,-70.519740151667,0.4622
SCUSSETT,SCUSSETT3,41.778510041667,-70.519758491667,0.4142
SCUSSETT,SCUSSETT3,41.778510733333,-70.51977108,0.4052
SCUSSETT,SCUSSETT3,41.778510473333,-70.519780811667,0.4563
BOAT MEADOW,BOATMDXT1CA,41.801175553333,-69.986432249999993,1.0795
BOAT MEADOW,BOATMDXT1CA,41.801182156667,-69.986413153333,1.0455
BOAT MEADOW,BOATMDXT1CA,41.80119287,-69.986400221667,1.0195
BOAT MEADOW,BOATMDXT1CA,41.801201813333,-69.986390681667,0.9675
BOAT MEADOW,BOATMDXT1CA,41.801213823333,-69.986378708333,1.0345
BOAT MEADOW,BOATMDXT1CA,41.801218985,-69.986367231667,1.0385
BOAT MEADOW,BOATMDXT1CA,41.801227093333,-69.986348476667,1.0644
BOAT MEADOW,BOATMDXT1CA,41.801240446667,-69.98632883,1.0674
BOAT MEADOW,BOATMDXT1CA,41.80125828,-69.986298188333,1.0854
BOAT MEADOW,BOATMDXT1CA,41.801271111667,-69.986271155,1.1054
BOAT MEADOW,BOATMDXT1CA,41.801282301667,-69.986242498333,1.1054
BOAT MEADOW,BOATMDXT1CA,41.801293923333,-69.986222185,1.1054
BOAT MEADOW,BOATMDXT1CA,41.80129986,-69.986205095,1.1193
BOAT MEADOW,BOATMDRSTPLOTC,41.801067431667,-69.986244606667,0.9826
BOAT MEADOW,BOATMDRSTPLOTC,41.801062125,-69.98625544,1.0127
BOAT MEADOW,BOATMDRSTPLOTC,41.801066446667,-69.986263398333,1.0176
BOAT MEADOW,BOATMDRSTPLOTC,41.801074803333,-69.986252038333,1.0476
BOAT MEADOW,BOATMDRESPLTAT2,41.80080134,-69.986120081667,1.183
BOAT MEADOW,BOATMDRESPLTAT2,41.800807381667,-69.986105973333,1.175
BOAT MEADOW,BOATMDRESPLTAT2,41.800816018333,-69.986095375,1.136
BOAT MEADOW,BOATMDRESPLTAT2,41.800825866667,-69.98608658,1.054
BOAT MEADOW,BOATMDRESPLTAT2,41.800837566667,-69.986074298333,0.9879
BOAT MEADOW,BOATMDRESPLTAT2,41.800847111667,-69.986058291667,0.9679
BOAT MEADOW,BOATMDRESPLTAT2,41.800852431667,-69.986048751667,1.0179
BOAT MEADOW,BOATMDRESPLTAT2,41.800867693333,-69.986027998333,1.0209
BOAT MEADOW,BOATMDRESPLTAT2,41.800880288333,-69.986013656667,1.0129
BOAT MEADOW,BOATMDRESPLTAT2,41.800894955,-69.985995958333,1.0169
BOAT MEADOW,BOATMDRESPLTAT2,41.800907283333,-69.985979591667,1.0418
BOAT MEADOW,BOATMDRESPLTAT2,41.800919528333,-69.98596227,1.0378
BOAT MEADOW,BOATMDRESPLTAT2,41.800932298333,-69.985944586667,1.0588
BOAT MEADOW,BOATMDRESPLTAT2,41.800949521667,-69.985926435,1.0648
BOAT MEADOW,BOATMDRESPLTAT2,41.800960616667,-69.985903648333,1.1018
BOAT MEADOW,BOATMDRESPLTAT2,41.800974846667,-69.985884455,1.1208
BOAT MEADOW,BOATMDRESPLTAT2,41.800988216667,-69.985866306667,1.1187
BOAT MEADOW,BOATMDRESPLTAT2,41.80099979,-69.9858521,1.1547
BOAT MEADOW,BOATMDRESPLTBT3,41.800876836667,-69.985740765,1.2009
BOAT MEADOW,BOATMDRESPLTBT3,41.800861133333,-69.9857516,1.1389
BOAT MEADOW,BOATMDRESPLTBT3,41.80084171,-69.985760758333,1.1109
BOAT MEADOW,BOATMDRESPLTBT3,41.800822816667,-69.985777628333,1.0209
BOAT MEADOW,BOATMDRESPLTBT3,41.800809146667,-69.985788471666993,1.055
BOAT MEADOW,BOATMDRESPLTBT3,41.800791951667,-69.985804773333,1.035
BOAT MEADOW,BOATMDRESPLTBT3,41.800770473333,-69.985822385,1.004
BOAT MEADOW,BOATMDRESPLTBT3,41.800754296667,-69.985835246667,0.985
BOAT MEADOW,BOATMDRESPLTBT3,41.800743128333004,-69.985841686667,1.0061
BOAT MEADOW,BOATMDRESPLTBT3,41.800735813333,-69.985850286667,0.9421
BOAT MEADOW,BOATMDRESPLTBT3,41.800727156667,-69.985864576667,0.8851
BOAT MEADOW,BOATMDRESPLTBT3,41.800712881667,-69.98588421,0.9751
BOAT MEADOW,BOATMDRESPLTBT3,41.800704965,-69.985894306667,0.9971
BOAT MEADOW,BOATMDRESPLTBT3,41.800695523333,-69.985907841667,1.0721
BOAT MEADOW,BOATMDRESPLTBT3,41.800681083333,-69.98592537,1.0771
BOAT MEADOW,BOATMDRESPLTBT3,41.800673736667,-69.985933705,1.0901
BOAT MEADOW,BOATMDRESPLTBT3,41.800668446667,-69.985941745,1.1591
BOAT MEADOW,BOATMDRESPLTBT3,41.800663403333,-69.985947793333,1.1882
BOAT MEADOW,BOATMDRESCRB,41.800571283333,-69.985699023333,0.9813
BOAT MEADOW,BOATMDRESCRB,41.800564295,-69.985702226667,0.9843
BOAT MEADOW,BOATMDRESCRB,41.80055953,-69.985695043333,0.9533
BOAT MEADOW,BOATMDRESCRB,41.800564441667,-69.985686108333,0.9703
BOAT MEADOW,BOATMDRESCRB,41.800568146667,-69.985689998333,0.9653
BOAT MEADOW,BOATMDRESCRB,41.800559461667,-69.985675635,1.0093
BOAT MEADOW,BOATMDRESCRB,41.800551033333,-69.985679496667,0.9403
BOAT MEADOW,BOATMDRESCRB,41.800554788333,-69.985667928333,0.9563
BOAT MEADOW,BOATMDRESCRB,41.80054601,-69.985677985,0.9283
BOAT MEADOW,BOATMDWCRAT1,41.802440918333,-69.987252743333,1.1679
BOAT MEADOW,BOATMDWCRAT1,41.802444863333,-69.98724044,1.2189
BOAT MEADOW,BOATMDWCRAT1,41.802448606667,-69.987220556667,1.1989
BOAT MEADOW,BOATMDWCRAT1,41.802454583333,-69.987196478333,1.1759
BOAT MEADOW,BOATMDWCRAT1,41.802459911667,-69.987173941667,1.1579
BOAT MEADOW,BOATMDWCRAT1,41.802465895,-69.987141295,1.1439
BOAT MEADOW,BOATMDWCRAT1,41.802472081667,-69.987117205,1.1518
BOAT MEADOW,BOATMDWCRAT1,41.802479451667,-69.987089585,1.1728
BOAT MEADOW,BOATMDWCRAT1,41.80248021,-69.987070418333,1.1698
BOAT MEADOW,BOATMDWCRAT1,41.8024815,-69.987053533333,1.1348
BOAT MEADOW,BOATMDWCRAT1,41.802486621667,-69.987028738333,1.1848
BOAT MEADOW,BOATMDWCRAT1,41.802498036667,-69.986994781667,1.1888
BOAT MEADOW,BOATMDWCRAT1,41.802507836667,-69.986966676667,1.2068
BOAT MEADOW,BOATMDWCRAT1,41.802519713333,-69.986937561667,1.2038
BOAT MEADOW,BOATMDWCRAT1,41.802529538333,-69.986912501667,1.2188
BOAT MEADOW,BOATMDWCRAT1,41.802540746667,-69.986882503333,1.2208
BOAT MEADOW,BOATMDWCRAT1,41.802552376667,-69.986853033333,1.2597
BOAT MEADOW,BOATMDWCRAT1,41.802561333333,-69.986830466667,1.3957
BOAT MEADOW,BOATMDWCRBT2,41.80282878,-69.986961421667,1.3054
BOAT MEADOW,BOATMDWCRBT2,41.802834756667004,-69.987001033333,1.2724
BOAT MEADOW,BOATMDWCRBT2,41.802842643333,-69.987037773333,1.2424
BOAT MEADOW,BOATMDWCRBT2,41.80284871,-69.987070945,1.2064
BOAT MEADOW,BOATMDWCRBT2,41.802852793333,-69.987100836667,1.2124
BOAT MEADOW,BOATMDWCRBT2,41.802853598333,-69.987130111667,1.2224
BOAT MEADOW,BOATMDWCRBT2,41.80285997,-69.987158986667,1.2123
BOAT MEADOW,BOATMDWCRBT2,41.802866671667,-69.987193201667,1.2123
BOAT MEADOW,BOATMDWCRBT2,41.802872165,-69.987228256667,1.2373
BOAT MEADOW,BOATMDWCRBT2,41.802873598333,-69.987255018333,1.2203
BOAT MEADOW,BOATMDWCRBT2,41.802874001667,-69.98728087,1.2333
BOAT MEADOW,BOATMDWCRBT2,41.802871865,-69.987300746667,1.2463
BOAT MEADOW,BOATMDWCRBT2,41.802870365,-69.987320035,1.2403
BOAT MEADOW,BOATMDWCRBT2,41.802871986667,-69.987336185,1.1843
BOAT MEADOW,BOATMDWNATVGPLTC,41.808559728333,-69.995937235,1.6974
BOAT MEADOW,BOATMDWNATVGPLTC,41.808547758333,-69.995980901667,1.4654
BOAT MEADOW,BOATMDWNATVGPLTC,41.8085329,-69.996034603333,1.3184
BOAT MEADOW,BOATMDWNATVGPLTC,41.808521785,-69.996074948333,1.2434
BOAT MEADOW,BOATMDWNATVGPLTC,41.808506516667,-69.996120023333,1.2024
BOAT MEADOW,BOATMDWNATVGPLTC,41.808488735,-69.996170193333,1.2835
BOAT MEADOW,BOATMDWNATVGPLTC,41.808473478333,-69.99621334,1.3345
BOAT MEADOW,BOATMDWNATVGPLTC,41.80845893,-69.996250088333,1.3645
BOAT MEADOW,BOATMDWNATVGPLTC,41.808438081667,-69.996299686667,1.3785
BOAT MEADOW,BOATMDWNATVGPLTC,41.80842068,-69.99634028,1.3896
BOAT MEADOW,BOATMDWNATVGPLTC,41.808406808333,-69.996373866667,1.3786
BOAT MEADOW,BOATMDWNATVGPLTC,41.808384291667,-69.996420273333,1.3386
BOAT MEADOW,BOATMDWNATVGPLTC,41.80836277,-69.996470488333,1.3026
BOAT MEADOW,BOATMDWNATVGPLTC,41.808349406667,-69.99650088,1.2857
BOAT MEADOW,BOATMDWNATVGPLTC,41.808338236667,-69.996525006667,1.2617
BOAT MEADOW,BOATMDWNATVGPLTC,41.808321485,-69.996569648333,1.3327
BOAT MEADOW,BOATMDWNATVGPLTC,41.808306368333,-69.996615425,1.3237
BOAT MEADOW,BOATMDWNATVGPLTC,41.808296413333,-69.996646915,1.3187
BOAT MEADOW,BOATMDWNATVGPLTC,41.808287975,-69.996672673333,1.3437
BOAT MEADOW,BOATMDWNATVGPLTC,41.808279823333,-69.996694235,1.3658
BOAT MEADOW,BOATMDWNATVGPLTC,41.80827476,-69.996708111667,1.3528
BOAT MEADOW,BOATMDWNATVGPLTA,41.808361995,-69.995866015,1.8226
BOAT MEADOW,BOATMDWNATVGPLTA,41.808349153333,-69.995886901667,1.6566
BOAT MEADOW,BOATMDWNATVGPLTA,41.808333811667,-69.995918103333,1.4696
BOAT MEADOW,BOATMDWNATVGPLTA,41.808313015,-69.995954563333,1.3217
BOAT MEADOW,BOATMDWNATVGPLTA,41.80829522,-69.995986321667,1.3057
BOAT MEADOW,BOATMDWNATVGPLTA,41.80827437,-69.996022283333,1.3357
BOAT MEADOW,BOATMDWNATVGPLTA,41.80825074,-69.996060198333,1.3398
BOAT MEADOW,BOATMDWNATVGPLTA,41.808225316667,-69.996110086667,1.3448
BOAT MEADOW,BOATMDWNATVGPLTA,41.80820473,-69.996155221667,1.3068
BOAT MEADOW,BOATMDWNATVGPLTA,41.808179875,-69.996206618333,1.2349
BOAT MEADOW,BOATMDWNATVGPLTA,41.808159336667,-69.996232705,1.1079
BOAT MEADOW,BOATMDWNATVGPLTA,41.808135298333,-69.996304953333,1.0649
BOAT MEADOW,BOATMDWNATVGPLTA,41.808126326667,-69.99633455,1.1959
BOAT MEADOW,BOATMDWNATVGPLTA,41.808125106667,-69.996373326667,1.2979
BOAT MEADOW,BOATMDWNATVGPLTA,41.808120911667,-69.996418081667,1.3229
BOAT MEADOW,BOATMDWNATVGPLTA,41.808115268333,-69.99646563,1.374
BOAT MEADOW,BOATMDWNATVGPLTA,41.808111966667,-69.996515286667,1.392
BOAT MEADOW,BOATMDWNATVGPLTA,41.808108585,-69.996561001667,1.415
BOAT MEADOW,BOATMDWNATVGPLTA,41.808105621667,-69.99658708,1.45
BOAT MEADOW,BOATMDWNATVGPLTA,41.808103885,-69.99660738,1.433
BOAT MEADOW,BOATMDWNATVGPLTA,41.808102463333,-69.996620246667,1.319
BOAT MEADOW,BOATMDWNATVGPLTB,41.807745001667,-69.996588968333,1.3164
BOAT MEADOW,BOATMDWNATVGPLTB,41.80775095,-69.996552453333,1.2814
BOAT MEADOW,BOATMDWNATVGPLTB,41.807763708333,-69.996505355,1.3494
BOAT MEADOW,BOATMDWNATVGPLTB,41.807777321667,-69.996462961667,1.3894
BOAT MEADOW,BOATMDWNATVGPLTB,41.807794111667,-69.996409576667,1.4024
BOAT MEADOW,BOATMDWNATVGPLTB,41.807812051667,-69.996343171667,1.3943
BOAT MEADOW,BOATMDWNATVGPLTB,41.807826163333,-69.99627584,1.3843
BOAT MEADOW,BOATMDWNATVGPLTB,41.80784324,-69.996198155,1.3403
BOAT MEADOW,BOATMDWNATVGPLTB,41.807854028333,-69.996139011667,1.3123
BOAT MEADOW,BOATMDWNATVGPLTB,41.807860956667,-69.996109055,1.2033
BOAT MEADOW,BOATMDWNATVGPLTB,41.80786568,-69.99609265,1.1452
BOAT MEADOW,BOATMDWNATVGPLTB,41.807900318333,-69.996013411667,1.0122
BOAT MEADOW,BOATMDWNATVGPLTB,41.807905206667,-69.995994366667,1.2952
BOAT MEADOW,BOATMDWNATVGPLTB,41.807910268333,-69.995972763333,1.3712
BOAT MEADOW,BOATMDWNATVGPLTB,41.807918868333,-69.995943048333,1.3872
BOAT MEADOW,BOATMDWNATVGPLTB,41.807932638333,-69.995901635,1.3962
BOAT MEADOW,BOATMDWNATVGPLTB,41.807951156667,-69.99584816,1.4331
BOAT MEADOW,BOATMDWNATVGPLTB,41.80796419,-69.995808438333,1.4491
BOAT MEADOW,BOATMDWNATVGPLTB,41.807979786667,-69.995763403333,1.4381
SUNKEN MEADOW,SUNKT1PA,41.876854251667,-70.003973631667,2.0644
SUNKEN MEADOW,SUNKT1PA,41.876887618333,-70.003956756667,1.7273
SUNKEN MEADOW,SUNKT1PA,41.876919313333,-70.003953266667,1.5523
SUNKEN MEADOW,SUNKT1PA,41.876944226667,-70.003952175,1.3423
SUNKEN MEADOW,SUNKT1PA,41.876958878333,-70.003949303333,1.1123
SUNKEN MEADOW,SUNKT1PA,41.876975046667,-70.003944686667,1.2172
SUNKEN MEADOW,SUNKT1PA,41.876993353333,-70.003939526667,1.3902
SUNKEN MEADOW,SUNKT1PA,41.877012981667,-70.003936625,1.4952
SUNKEN MEADOW,SUNKT1PA,41.877041996667,-70.003931676667,1.5712
SUNKEN MEADOW,SUNKT1PA,41.877072943333,-70.003927463333,1.5531
SUNKEN MEADOW,SUNKT1PA,41.877100661667,-70.003925003333,1.5551
SUNKEN MEADOW,SUNKT1PA,41.87713261,-70.003923168333,1.543
SUNKEN MEADOW,SUNKT1PA,41.877160641667,-70.003924546667,1.458
SUNKEN MEADOW,SUNKT1PA,41.877190001667,-70.003919968333,1.526
SUNKEN MEADOW,SUNKT1PA,41.877223366667,-70.003910085,1.5709
SUNKEN MEADOW,SUNKT1PA,41.877255226667,-70.003897891667,1.5649
SUNKEN MEADOW,SUNKT1PA,41.877275653333,-70.00388841,1.5729
SUNKEN MEADOW,SUNKT1PA,41.877292488333,-70.003880605,1.5348
SUNKEN MEADOW,SUNKT1PA,41.87731432,-70.003871088333,1.5618
SUNKEN MEADOW,SUNKT1PA,41.877334531667,-70.003862,1.5798
SUNKEN MEADOW,SUNKT1PA,41.877356306667,-70.003853548333,1.5888
SUNKEN MEADOW,SUNKT1PA,41.87737234,-70.00384333,1.5887
SUNKEN MEADOW,SUNKT1PA,41.877385878333,-70.003829933333,1.5327
SUNKEN MEADOW,SUNKT1PA,41.877393358333,-70.003821835,1.3877
SUNKEN MEADOW,SUNKNATT1PAC,41.877348233333,-70.003848595,1.5838
SUNKEN MEADOW,SUNKNATT1PAC,41.877341021667,-70.003850118333,1.5908
SUNKEN MEADOW,SUNKNATT1PAC,41.877334201667,-70.003854868333,1.6068
SUNKEN MEADOW,SUNKNATT1PAC,41.877337973333,-70.003862726667,1.5998000000000001
SUNKEN MEADOW,SUNKNATT1PAC,41.877345033333,-70.003860186667,1.6028
SUNKEN MEADOW,SUNKNATT1PAC,41.877350678333,-70.003857851667,1.6238
SUNKEN MEADOW,SUNKNATT1PAC,41.877351756667,-70.00386378,1.6158
SUNKEN MEADOW,SUNKNATT1PAC,41.877346913333,-70.003866173333,1.6138
SUNKEN MEADOW,SUNKNATT1PAC,41.87734173,-70.003868555,1.6068
SUNKEN MEADOW,SUNKNATT3PC,41.876723556667,-70.003861256667,1.9905
SUNKEN MEADOW,SUNKNATT3PC,41.876741768333,-70.0038382,1.6985
SUNKEN MEADOW,SUNKNATT3PC,41.876765383333,-70.003809553333,1.6095
SUNKEN MEADOW,SUNKNATT3PC,41.876782448333,-70.003789425,1.4984
SUNKEN MEADOW,SUNKNATT3PC,41.87680793,-70.003762853333,1.4104
SUNKEN MEADOW,SUNKNATT3PC,41.876831993333,-70.003737976667,1.3834
SUNKEN MEADOW,SUNKNATT3PC,41.876856701667,-70.003709646667,1.4223
SUNKEN MEADOW,SUNKNATT3PC,41.876879398333,-70.003676925,1.3653
SUNKEN MEADOW,SUNKNATT3PC,41.876886748333,-70.003669516667,1.1553
SUNKEN MEADOW,SUNKNATT3PC,41.876894605,-70.003640133333,1.1283
SUNKEN MEADOW,SUNKNATT3PC,41.876909565,-70.003626981667,1.2643
SUNKEN MEADOW,SUNKNATT3PC,41.87692345,-70.003615623333,1.3872
SUNKEN MEADOW,SUNKNATT3PC,41.876949286667,-70.003591243333,1.4032
SUNKEN MEADOW,SUNKNATT3PC,41.876977616667,-70.00356914,1.4032
SUNKEN MEADOW,SUNKNATT3PC,41.87700016,-70.00355186,1.3881
SUNKEN MEADOW,SUNKNATT3PC,41.877030013333,-70.00352918,1.4241
SUNKEN MEADOW,SUNKNATT3PC,41.877065428333,-70.003504851667,1.443
SUNKEN MEADOW,SUNKNATT3PC,41.877103603333,-70.003483923333,1.465
SUNKEN MEADOW,SUNKNATT3PC,41.87713405,-70.003457323333,1.513
SUNKEN MEADOW,SUNKNATT3PC,41.877172646667,-70.003429253333,1.5539
SUNKEN MEADOW,SUNKNATT3PC,41.877216748333,-70.003400118333,1.5508
SUNKEN MEADOW,SUNKNATT3PC,41.877258343333,-70.003366211667,1.5318
SUNKEN MEADOW,SUNKNATT3PC,41.877285673333,-70.00332718,1.3687
SUNKEN MEADOW,SUNKNATT3PC,41.877308216667,-70.003292511667,1.4997
SUNKEN MEADOW,SUNKNATT3PC,41.87733852,-70.00324651,1.5267
SUNKEN MEADOW,SUNKNATT3PC,41.877372343333,-70.003213255,1.5036
SUNKEN MEADOW,SUNKNATT3PC,41.877393631667,-70.003191843333,1.4866
SUNKEN MEADOW,SUNKNATT3PC,41.877414928333,-70.003169188333,1.4516
SUNKEN MEADOW,SUNKNATT3PC,41.877432541667,-70.003149036667,1.4045
SUNKEN MEADOW,SUNKNATT3PC,41.877444526667,-70.003132298333,1.2895
SUNKEN MEADOW,SUNKNATT2PB,41.87739131,-70.003067518333,1.3906
SUNKEN MEADOW,SUNKNATT2PB,41.877375035,-70.003089263333,1.3906
SUNKEN MEADOW,SUNKNATT2PB,41.87736346,-70.003100511667,1.4226
SUNKEN MEADOW,SUNKNATT2PB,41.877346908333,-70.003118873333,1.4846
SUNKEN MEADOW,SUNKNATT2PB,41.877334783333,-70.003128738333,1.4816
SUNKEN MEADOW,SUNKNATT2PBC,41.877331368333,-70.003127293333,1.4757
SUNKEN MEADOW,SUNKNATT2PBC,41.87732876,-70.003129693333,1.4887
SUNKEN MEADOW,SUNKNATT2PBC,41.877330506667,-70.00313453,1.4927
SUNKEN MEADOW,SUNKNATT2PBC,41.87733444,-70.003135271667,1.4806
SUNKEN MEADOW,SUNKNATT2PBC,41.877335278333,-70.003130513333,1.4856
SUNKEN MEADOW,SUNKNATT2PB,41.877313868333,-70.003157568333,1.5057
SUNKEN MEADOW,SUNKNATT2PB,41.877287573333,-70.003185518333,1.5397
SUNKEN MEADOW,SUNKNATT2PB,41.877260125,-70.003219325,1.5448
SUNKEN MEADOW,SUNKNATT2PB,41.877240668333,-70.003241883333,1.5638
SUNKEN MEADOW,SUNKNATT2PB,41.877221055,-70.003261761667,1.5038
SUNKEN MEADOW,SUNKNATT2PB,41.877189281667,-70.003302378333,1.4749
SUNKEN MEADOW,SUNKNATT2PB,41.87716665,-70.003341548333,1.4479
SUNKEN MEADOW,SUNKNATT2PB,41.877141398333,-70.003371825,1.4619
SUNKEN MEADOW,SUNKNATT2PB,41.87711027,-70.003397063333,1.502
SUNKEN MEADOW,SUNKNATT2PB,41.877078861667,-70.003422913333,1.476
SUNKEN MEADOW,SUNKNATT2PB,41.877044951667,-70.003444565,1.4891
SUNKEN MEADOW,SUNKNATT2PB,41.877015078333,-70.003468351667,1.4721
SUNKEN MEADOW,SUNKNATT2PB,41.876979125,-70.003494986667,1.4721
SUNKEN MEADOW,SUNKNATT2PB,41.876945035,-70.003514455,1.4192
SUNKEN MEADOW,SUNKNATT2PB,41.87691577,-70.00354072,1.3612
SUNKEN MEADOW,SUNKNATT2PB,41.876897363333,-70.003563276667,1.1713
SUNKEN MEADOW,SUNKREST1,41.875582633333,-70.000175741667,1.4472
SUNKEN MEADOW,SUNKREST1,41.875570841667,-70.000152016667,1.4472
SUNKEN MEADOW,SUNKREST1,41.875562425,-70.000129095,1.4412
SUNKEN MEADOW,SUNKREST1,41.87555212,-70.000102756667,1.4683
SUNKEN MEADOW,SUNKREST1,41.87553854,-70.000065898333,1.4253
SUNKEN MEADOW,SUNKREST1,41.875525175,-70.00002689,1.4293
SUNKEN MEADOW,SUNKREST1,41.87551039,-69.999979281667,1.3553
SUNKEN MEADOW,SUNKREST1,41.875481625,-69.999940701667,1.2643
SUNKEN MEADOW,SUNKREST2,41.87555897,-70.000140056666993,1.4543
SUNKEN MEADOW,SUNKREST2,41.875528625,-70.000117648333,1.4563
SUNKEN MEADOW,SUNKREST2,41.875499965,-70.000096505,1.4063
SUNKEN MEADOW,SUNKREST2,41.875475908333,-70.000080573333,1.4093
SUNKEN MEADOW,SUNKREST2,41.875458215,-70.000067273333,1.3884
SUNKEN MEADOW,SUNKREST2,41.875439313333,-70.000052243333,1.3394
SUNKEN MEADOW,SUNKREST2,41.875416553333,-70.000034605,1.3484
SUNKEN MEADOW,SUNKREST2,41.875397488333,-70.000012895,1.3844
SUNKEN MEADOW,SUNKREST2,41.875368171667,-69.999981631667,1.3845
SUNKEN MEADOW,SUNKREST2,41.875363058333,-69.999976495,1.1935
SUNKEN MEADOW,SUNKREST2,41.875343406667,-69.999956001667,1.3585
SUNKEN MEADOW,SUNKREST2,41.875319966667,-69.999945501667,1.3545
SUNKEN MEADOW,SUNKREST2,41.875297675,-69.999936298333,1.3405
SUNKEN MEADOW,SUNKREST2,41.875260753333,-69.999925906667,1.3806
SUNKEN MEADOW,SUNKREST2,41.875225713333,-69.99991397,1.4266
SUNKEN MEADOW,SUNKREST2,41.875198175,-69.99989821,1.3946
SUNKEN MEADOW,SUNKREST2,41.875160735,-69.999880351667,1.4127
SUNKEN MEADOW,SUNKREST2,41.875124025,-69.999868948333,1.4027
SUNKEN MEADOW,SUNKREST2,41.875091496667,-69.999857968333,1.4338
SUNKEN MEADOW,SUNKREST2,41.875043081667,-69.999836796667,1.4258
SUNKEN MEADOW,SUNKREST2,41.875007678333,-69.999825001667,1.4759
SUNKEN MEADOW,SUNKREST2,41.874974818333,-69.999796245,1.4689
SUNKEN MEADOW,SUNKREST2,41.874951191667,-69.999772173333,1.4429
SUNKEN MEADOW,SUNKREST2,41.87493501,-69.999760513333,1.3329
SUNKEN MEADOW,SUNKREST3,41.87493982,-69.999775465,1.4209
SUNKEN MEADOW,SUNKREST3,41.87495489,-69.999808448333,1.5159
SUNKEN MEADOW,SUNKREST3,41.87496691,-69.999848468333,1.4639
SUNKEN MEADOW,SUNKREST3,41.874979301667,-69.999888313333,1.4569
SUNKEN MEADOW,SUNKREST3,41.874993403333,-69.999935235,1.4399
SUNKEN MEADOW,SUNKREST3,41.87500809,-69.99997398,1.4099
SUNKEN MEADOW,SUNKREST3,41.875014893333,-69.99999601,1.4639
SUNKEN MEADOW,SUNKREST3,41.87502488,-70.000026053333,1.4359
SUNKEN MEADOW,SUNKREST3,41.875031275,-70.000051031667,1.3959
SUNKEN MEADOW,SUNKREST3,41.875035888333,-70.000069546667,1.3899
SUNKEN MEADOW,SUNKRESPLTBT4,41.875067395,-70.000142341667,1.4458
SUNKEN MEADOW,SUNKRESPLT4,41.8750674,-70.000142333333,1.4298
SUNKEN MEADOW,SUNKRESPLT4,41.875039766667,-70.000158435,1.4329
SUNKEN MEADOW,SUNKRESPLT4,41.87501646,-70.00017142,1.3599
SUNKEN MEADOW,SUNKRESPLT4,41.875000248333,-70.000175446667,1.3919
SUNKEN MEADOW,SUNKRESPLT4,41.874960956667,-70.000196218333,1.351
SUNKEN MEADOW,SUNKRESPLT4,41.87495086,-70.000203638333,1.29
SUNKEN MEADOW,SUNKRESPLT4,41.874935616667,-70.000211706667,1.37
SUNKEN MEADOW,SUNKRESPLT4,41.874914608333,-70.000224668333,1.371
SUNKEN MEADOW,SUNKRESPLT4,41.874899175,-70.000233813333,1.4301
SUNKEN MEADOW,SUNKRESPLT4,41.874885345,-70.000238983333,1.3981
SUNKEN MEADOW,SUNKRESPLT4,41.874880508333,-70.00023814,1.3591
SUNKEN MEADOW,SUNKRESPLT4,41.874881555,-70.000244286667,1.3571
SUNKEN MEADOW,SUNKRESPLT4,41.874885401667,-70.000243083333,1.3801
SUNKEN MEADOW,SUNKRESPLT5,41.874997305,-70.000047976667,1.4239
SUNKEN MEADOW,SUNKRESPLT5,41.874965288333,-70.000039725,1.402
SUNKEN MEADOW,SUNKRESPLT5,41.874941553333,-70.00003263,1.393
SUNKEN MEADOW,SUNKRESPLT5,41.874933516667,-70.000031123333,1.303
SUNKEN MEADOW,SUNKRESPLT5,41.874924351667,-70.000029408333,1.286
SUNKEN MEADOW,SUNKRESPLT5,41.874910993333,-70.00002561,1.388
SUNKEN MEADOW,SUNKRESPLT5,41.874888423333,-70.000021961667,1.428
SUNKEN MEADOW,SUNKRESPLT5,41.874872031667,-70.000022465,1.3761
SUNKEN MEADOW,SUNKRESPLT5,41.874844408333,-70.000013706667,1.4501
SUNKEN MEADOW,SUNKRESPLT5,41.874817438333,-70.000008216667,1.3991
SUNKEN MEADOW,SUNKRESPLT5,41.87479335,-70.000007141667,1.4202
SUNKEN MEADOW,SUNKRESPLT5,41.874766223333,-69.999998105,1.4142
SUNKEN MEADOW,SUNKRESPLT5,41.874743838333,-69.999988588333,1.4392
SUNKEN MEADOW,SUNKRESPLT5,41.87471746,-69.999974541667,1.5022
SUNKEN MEADOW,SUNKRESPLT5,41.874681358333,-69.999978931667,1.4373
SUNKEN MEADOW,SUNKRESPLACORE,41.875444383333,-70.000022861667,1.3674
SUNKEN MEADOW,SUNKRESPLACORE,41.875447418333,-70.000026978333,1.3684
SUNKEN MEADOW,SUNKRESPLACORE,41.875449331667,-70.000023561667,1.3904
SUNKEN MEADOW,SUNKRESPLACORE,41.875448233333,-70.000019511667,1.3694
SUNKEN MEADOW,SUNKRESPLACORE,41.875446403333,-70.000016583333,1.3684
SUNKEN MEADOW,SUNKRESPLACORE,41.875451613333,-70.000017203333,1.3654
SUNKEN MEADOW,SUNKRESPLACORE,41.875452346667,-70.00002344,1.3854
SCUSSETT,SCUSSETCOREC,41.778837593333,-70.519575493333,0.6527
SCUSSETT,SCUSSETCOREC,41.778840548333,-70.519576703333,0.6327
SCUSSETT,SCUSSETCOREC,41.778837653333,-70.519580723333,0.6587
SCUSSETT,SCUSSETCOREC,41.778835041667,-70.519579553333,0.6387
