Station_Name,STATION_ID,Lat,Long,error_in_m,datum_period,mhhw,mhw,msl
"SOUTH BEACH CAUSEWAY, INDIAN RIVER",8722219,27.4567,-80.3233,0.0295,03/01/2000 - 03/31/2000,-0.043,-0.087,-0.296
"NORTH BEACH CAUSEWAY, INDIAN RIVER",8722208,27.4717,-80.325,0.0292,05/01/1999 - 05/31/1999,-0.017,-0.057,-0.273
"I-295 BRIDGE, WEST END, ST JOHNS RIVER",8720357,30.1917,-81.6917,0.0103,02/01/2004 - 01/31/2006; 07/01/2006 - 06/30/2007; 07/01/2008 - 06/30/2010,0.112,0.102,-0.035
"RED BAY POINT, ST JOHNS RIVER",8720503,29.9783,-81.6283,0.0122,11/01/2003 - 10/31/2005,0.128,0.113,-0.013
"WELAKA, ST. JOHNS RIVER",8720832,29.4767,-81.675,0.0253,10/01/2003 - 03/31/2004,0.154,0.149,0.082
"BUFFALO BLUFF, ST. JOHNS RIVER",8720767,29.595,-81.6817,0.0197,10/01/2003 - 09/30/2004,0.173,0.166,0.005
"SOUTHBANK RIVERWALK, ST JOHNS RIVER",8720226,30.32,-81.6583,0.0111,04/01/2002 - 03/31/2005,0.191,0.176,-0.078
"PALATKA, ST. JOHNS RIVER",8720774,29.6433,-81.6317,0.0205,10/01/2003 - 09/30/2004,0.19,0.179,-0.014
"RACY POINT, ST JOHNS RIVER",8720625,29.8017,-81.5483,0.0229,05/01/2003 - 07/31/2003,0.195,0.18,0.011
"BINGS LANDING, MATANZAS RIVER",8720757,29.615,-81.205,0.0207,10/01/2003 - 09/30/2004,0.201,0.157,-0.05
"NEW SMYRNA BEACH, MOSQUITO LAGOON",8721164,29.0233,-80.9183,0.0248,04/01/1999 - 06/30/1999,0.235,0.16799999999999998,-0.196
"PERKY LAKE, SUGERLOAF KEY",8724353,24.655,-81.54,0.0301,01/01/1974 - 02/28/1974,-0.034999999999999976,-0.07300000000000001,-0.126
SANTA ROSA HOGTOWN BAYOU,8729376,30.4,-86.2283,0.0271,06/01/1992 - 10/31/1992,0.199,0.19,0.11499999999999999
"HUCKLEBERRY LANDING, JACKSON RIVER",8728757,29.77,-85.085,0.0328,06/01/1977 - 08/31/1977,0.21100000000000002,0.177,0.05499999999999999
STATE ROAD A1A BRIDGE,8720692,29.704531,-81.227856,0.0222,10/01/2003 - 10/31/2003,0.56,0.464,-0.10099999999999999
VILANO BEACH (ICWW),8720554,29.9167,-81.3,0.0144,10/01/2003 - 07/31/2004,0.569,0.46699999999999997,-0.17
"CRESCENT BEACH, MATANZAS RIVER",8720651,29.7683,-81.2583,0.0158,01/01/2004 - 12/31/2004,0.575,0.48,-0.111
"HOBE SOUND, STATE PARK",8722445,27.0367,-80.1067,0.0377,11/01/1972 - 12/31/1972,0.0040000000000000036,-0.038999999999999924,-0.293
"STATE ROAD 312, MATANZAS RIVER",8720582,29.8667,-81.3067,0.0146,10/01/2003 - 09/30/2004,0.607,0.506,-0.131
"ST. JOSEPH POINT, ST. JOSEPH BAY",8728958,29.8733,-85.39,0.0239,07/01/1976 - 07/31/1976,0.235,0.14200000000000002,-0.007000000000000006
"NORTH FORK, ST. LUCIE RIVER",8722334,27.2433,-80.3133,0.0321,08/01/1972 - 12/31/1972,-0.09899999999999998,-0.131,-0.27399999999999997
"WWTD, MAYPORT NAVAL STA., ST JOHNS RIVER",8720211,30.4,-81.4133,0.0112,11/01/2003 - 10/31/2004,0.612,0.522,-0.17300000000000001
WILLIAMSBURG BRIDGE,8518699,40.7117,-73.9683,0.0159,10/13/2000 - 11/12/2000,0.653,0.554,-0.066
"DEGAUSSING STRUCTURE, MAYPORT NAVAL STA.",8720214,30.3967,-81.395,0.0112,05/01/1998 - 10/31/1998,0.644,0.5439999999999999,-0.187
RAMROD KEY,8724255,24.66,-81.4233,0.0215,01/01/1974 - 02/28/1974,-0.04499999999999993,-0.12,-0.25799999999999995
"SUMMERLAND KEY, WEST SIDE",8724276,24.65,-81.4467,0.0218,04/01/1975 - 04/30/1975,0.016000000000000014,-0.07400000000000007,-0.24700000000000005
"HALLS RIVER BRIDGE, HALLS RIVER",8727293,28.8,-82.6033,0.0369,09/01/1978 - 11/30/1978,0.06500000000000006,0.018000000000000016,-0.04200000000000004
"QUEENSBORO BRIDGE, EAST RIVER",8518687,40.7583,-73.9583,0.0172,08/01/2001 - 10/31/2001,0.69,0.589,-0.061
SUMMERLAND KEY EAST,8724266,24.6517,-81.435,0.0178,09/01/1974 - 09/30/1974,0.006000000000000005,-0.06899999999999995,-0.23899999999999993
"PORT MANATEE, TAMPA BAY",8726384,27.6387,-82.5621,0.0046,12/01/1999 - 11/30/2008; 01/01/2012 - 12/31/2016,0.19499999999999995,0.11199999999999999,-0.11600000000000005
PIGEON KEY ATLANTIC SIDE,8724032,24.7033,-81.155,0.0195,04/01/1975 - 04/30/1975,-0.04200000000000004,-0.119,-0.281
LOXAHATCHEE RIVER,8722481,26.97,-80.1267,0.0226,12/01/1972 - 01/31/1973,-0.03200000000000003,-0.07700000000000007,-0.372
PORT SALERNO,8722383,27.1517,-80.195,0.0339,08/01/1972 - 09/30/1972,-0.14400000000000002,-0.17700000000000005,-0.30900000000000005
"WASHINGTON NAVY YARD,D.C.",8593005,38.8717,-76.995,0.0108,08/01/1995 - 10/31/1995,0.521,0.44999999999999996,0.019999999999999962
"RIVER VILLAGE, ANCLOTE RIVER",8726906,28.1567,-82.7467,0.0196,01/01/1976 - 01/31/1976,0.28900000000000003,0.19099999999999995,-0.066
"GREAT POCKET,ST. LUCIE INLET",8722381,27.155,-80.1717,0.0264,08/01/1972 - 12/31/1972,-0.08199999999999996,-0.11399999999999999,-0.276
DUMFOUNDLING BAY,8723044,25.9417,-80.125,0.0211,08/01/1973 - 08/31/1973,0.10400000000000009,0.08300000000000007,-0.22699999999999998
SOCASTEE BRIDGE,8660983,33.6867,-79.005,0.0134,10/01/1976 - 12/31/1976,0.5009999999999999,0.459,0.186
"WABASSO,INDIAN RIVER",8722059,27.755,-80.425,0.0421,06/01/1972 - 08/31/1972,-0.20099999999999996,-0.21899999999999997,-0.2789999999999999
"PARKER BRANCH, LAIRD BAYOU, EAST BAY",8729039,30.1367,-85.5167,0.0229,08/01/1976 - 09/30/1976,0.26,0.23399999999999999,0.041000000000000036
"MILLVIEW, PERDIDO BAY",8729905,30.4183,-87.3567,0.0258,11/01/2006 - 01/31/2007,0.26,0.254,0.123
"JAMESTOWN BRIDGE, SANTEE RIVER",8662405,33.305,-79.6783,0.0291,05/01/1977 - 08/31/1977,0.5409999999999999,0.49599999999999994,0.314
FISH TRAP BAY,8725272,26.3367,-81.845,0.0282,04/01/1978 - 05/31/1978,0.05500000000000005,-0.007999999999999896,-0.10399999999999998
"RODANTHE, PAMLICO SOUND",8653215,35.595,-75.4717,0.02,12/01/1977 - 01/31/1978,0.16000000000000003,0.10699999999999998,-0.008000000000000007
"SPANISH HARBOR VIADUCT, BIG PINE KEY",8724178,24.6483,-81.33,0.019,06/01/1974 - 06/30/1974,-0.016000000000000014,-0.09300000000000008,-0.248
"PARKER, EAST BAY",8729084,30.1267,-85.6117,0.0124,11/01/1976 - 11/30/1976,0.244,0.22899999999999998,0.029000000000000026
"CSX ROCKPORT, MCKAY BAY ENTRANCE",8726667,27.913333,-82.425,0.0048,01/01/1999 - 12/31/2007,0.30600000000000005,0.20200000000000007,-0.06799999999999995
"DOG ISLAND, EAST END",8728408,29.81,-84.585,0.0163,03/01/1979 - 03/31/1979,0.27,0.21399999999999997,-0.05700000000000005
LITTLE DUCK KEY,8724093,24.6817,-81.2283,0.0237,06/01/1974 - 06/30/1974,-0.07699999999999996,-0.14800000000000002,-0.279
"FOWLER BLUFF, SUWANNEE RIVER",8727512,29.3983,-83.0233,0.0197,09/01/1978 - 12/31/1978,0.49400000000000005,0.425,0.191
ANNA MARIA OUTSIDE,8726243,27.4967,-82.7133,0.0195,07/01/1990 - 10/31/1990,0.19300000000000006,0.10199999999999998,-0.131
"SPRING BAYOU, TARPON SPRINGS",8726892,28.1467,-82.7583,0.0183,01/01/1976 - 01/31/1976,0.372,0.258,-0.06400000000000006
ST ANDREW SOUND,8729052,30.025,-85.5417,0.0239,07/01/1976 - 08/31/1976,0.241,0.20499999999999996,0.026999999999999913
"NORTH FORK, LOXAHATCHEE RIVER",8722478,26.975,-80.1133,0.0228,12/01/1972 - 01/31/1973,0.04500000000000004,-0.0030000000000000027,-0.29400000000000004
"HONNEYMOON ISLAND, INSIDE",8726809,28.0617,-82.8133,0.0152,06/01/1975 - 08/31/1975,0.3520000000000001,0.245,-0.05699999999999994
"NORTH PRONG, WETAPPO CREEK",8728941,30.0033,-85.3483,0.0229,05/01/1976 - 05/31/1976,0.32499999999999996,0.28600000000000003,0.07100000000000006
APALACHICOLA RIVER,8728711,29.7633,-85.0333,0.0119,12/01/1981 - 11/30/1982,0.2849999999999999,0.26,0.10499999999999998
"UPPER MATECUMBE KEY,FLORIDA BAY",8723808,24.925,-80.6317,0.02,03/01/1972 - 02/28/1973,-0.1270000000000001,-0.15200000000000002,-0.2290000000000001
IMPERIAL RIVER ENTRANCE,8725269,26.3367,-81.83,0.0228,04/01/1978 - 08/31/1978,0.06999999999999995,0.01100000000000001,-0.08099999999999996
LOXAHATCHEE RIVER LOCK,8722496,26.935,-80.1433,0.0222,12/01/1972 - 01/31/1973,0.03699999999999992,-0.008000000000000007,-0.29900000000000004
"MOBILE STATE DOCKS, MOBILE RIVER",8737048,30.7083,-88.0433,0.0097,10/01/2007 - 09/30/2012,0.35,0.32500000000000007,0.10299999999999998
NORTH LOXAHATCHEE RIVER,8722472,26.9867,-80.1417,0.0291,12/01/1972 - 01/31/1973,0.050999999999999934,-0.0020000000000000018,-0.31300000000000006
"MASON CREEK, HOMOSASSA BAY",8727274,28.7617,-82.6383,0.02,03/01/1978 - 02/28/1979,0.22099999999999997,0.15000000000000002,-0.010000000000000009
JOHNS PASS,8726533,27.785,-82.7817,0.0173,06/01/1976 - 07/31/1976,0.248,0.14,-0.08299999999999996
MCILVAINE BAY,8724996,25.985,-81.7017,0.0152,08/01/1978 - 12/31/1978,0.17699999999999994,0.10399999999999998,-0.18100000000000005
"TAMPA, HOOKER POINT, HILLSBOROUGH BAY",8726668,27.9183,-82.445,0.0151,12/01/1978 - 03/31/1979,0.31399999999999995,0.23099999999999998,-0.062000000000000055
"CLEARWATER, CLEARWATER HARBOR",8726706,27.955,-82.8067,0.0119,11/01/1975 - 02/29/1976; 04/01/1976 - 05/31/1976; 08/01/1976 - 09/30/1976,0.30099999999999993,0.19499999999999995,-0.09000000000000008
"VENICE, GULF OF MEXICO",8725858,27.0717,-82.4533,0.0208,06/01/1990 - 09/30/1990,0.17399999999999993,0.09199999999999997,-0.14
ORMOND BEACH,8720954,29.285,-81.0533,0.0331,11/01/1978 - 11/30/1978,-0.031000000000000028,-0.05400000000000005,-0.14900000000000002
"KEEWAYDIN ISLAND, INSIDE",8725019,26.025,-81.7683,0.0155,05/01/1978 - 07/31/1978,0.18499999999999994,0.11099999999999999,-0.16900000000000004
"GREEN COVE SPRINGS, ST. JOHNS R.",8720496,29.99,-81.6633,0.0214,04/01/1978 - 03/31/1979,0.14900000000000002,0.127,0.007000000000000006
"WASHINGTON, TAR RIVER, PAMLICO RIVER",8653365,35.545,-77.0617,0.0348,05/01/2012 - 07/31/2012,0.03600000000000003,-0.0040000000000000036,-0.11399999999999999
SOUTH DELRAY BEACH,8722761,26.4467,-80.065,0.0247,04/01/1973 - 04/30/1973,0.127,0.08799999999999997,-0.29500000000000004
TURKEY POINT,8728360,29.915,-84.5117,0.0072,10/01/1989 - 09/30/1995,0.32799999999999985,0.264,-0.04300000000000004
DESOTO POINT,8726273,27.5233,-82.65,0.0178,06/01/1990 - 10/31/1990,0.16700000000000004,0.08200000000000007,-0.14400000000000002
NORTH DANIA SOUND,8722957,26.08,-80.1117,0.0172,08/01/1973 - 08/31/1973,0.14800000000000002,0.11199999999999999,-0.264
COCKROACH BAY,8726425,27.6783,-82.5033,0.0191,08/01/1990 - 08/31/1990,0.19100000000000006,0.1090000000000001,-0.08299999999999996
"MULLET KEY, TAMPA BAY",8726364,27.615,-82.7267,0.013,06/01/1990 - 05/31/1991,0.17000000000000004,0.09200000000000008,-0.126
"WIGGINS PASS, INSIDE",8725235,26.29,-81.8183,0.0132,12/01/1977 - 11/30/1978,0.15600000000000003,0.08599999999999997,-0.14700000000000002
"GREENS DITCH, LAKE ST. CATHERINE",8761426,30.1117,-89.76,0.0208,12/01/1982 - 11/30/1983,0.33799999999999986,0.32999999999999985,0.21999999999999997
"APOLLO BEACH, HILLSBOROUGH BAY",8726537,27.7867,-82.4267,0.0198,07/01/1990 - 12/31/1990,0.24099999999999988,0.1519999999999999,-0.10499999999999998
"PADRE ISLAND, BRAZOS SANTIAGO PASS",8779750,26.0683,-97.1567,0.0077,03/01/1991 - 02/28/1994,0.17499999999999993,0.15800000000000003,-0.008000000000000007
DOCTORS ARM,8724201,24.69,-81.3567,0.0194,10/01/1974 - 10/31/1974,-0.020999999999999908,-0.09899999999999998,-0.20099999999999996
HOWARD PARK,8726904,28.1533,-82.8017,0.018,11/01/1975 - 11/30/1975,0.35399999999999987,0.243,-0.07700000000000007
"LANARK, ST. GEORGES SOUND",8728412,29.8783,-84.595,0.0155,02/01/1977 - 04/30/1977,0.29700000000000004,0.237,-0.04800000000000004
"FORT WALTON BEACH, SANTA ROSA SOUND",8729554,30.4017,-86.61,0.0436,02/01/1986 - 04/30/1986,0.32500000000000007,0.32100000000000006,0.237
BAHIA HONDA KEY,8724138,24.655,-81.2817,0.0138,02/01/1971 - 01/31/1972,-0.04200000000000004,-0.11399999999999999,-0.2839999999999999
"WEST CREEK, WESTECUNK CREEK",8533987,39.6317,-74.2967,0.0191,03/01/1977 - 11/30/1977,0.3979999999999999,0.31699999999999995,-0.0040000000000000036
"VERO BEACH, INDIAN RIVER",8722125,27.6317,-80.3717,0.0456,04/01/1999 - 06/30/1999,-0.137,-0.16199999999999992,-0.2779999999999999
"EGMONT KEY, TAMPA BAY",8726347,27.6017,-82.76,0.0164,06/01/1990 - 11/30/1990,0.17100000000000004,0.09399999999999997,-0.131
"TARPON SPRINGS, ANCLOTE RIVER",8726905,28.16,-82.7683,0.0177,10/01/1975 - 10/31/1975,0.3630000000000001,0.253,-0.052999999999999936
"ANNA MARIA, CITY PIER",8726282,27.5333,-82.73,0.02,06/01/1976 - 08/31/1976,0.16699999999999993,0.08899999999999997,-0.138
NEWFOUND HARBOR,8724215,24.6517,-81.375,0.0206,01/01/1975 - 01/31/1975,-0.028999999999999915,-0.10099999999999998,-0.272
WAKULLA RIVER,8728171,30.1767,-84.2467,0.0243,03/01/1977 - 03/31/1977; 06/01/1977 - 06/30/1977,0.6960000000000001,0.662,0.518
"VACA KEY, FLORIDA BAY",8723970,24.7117,-81.105,0.0013,01/01/1983 - 12/31/1987; 01/01/1989 - 12/31/1991; 01/01/1994 - 12/31/2001,-0.10999999999999988,-0.1419999999999999,-0.2509999999999999
NO NAME KEY,8724168,24.6983,-81.3183,0.0209,12/01/1973 - 02/28/1974,-0.07299999999999995,-0.1519999999999999,-0.23299999999999987
"TURKEY POINT, BISCAYNE BAY",8723423,25.4367,-80.33,0.0178,05/01/1970 - 04/30/1971,0.006999999999999895,-0.01100000000000012,-0.265
"NOKOMIS, VENICE INLET",8725899,27.1233,-82.47,0.0315,06/14/1989 - 07/13/1989,0.03200000000000003,-0.030000000000000027,-0.22399999999999998
OZONA,8726819,28.07,-82.7817,0.0155,11/01/1975 - 11/30/1975,0.3360000000000001,0.23199999999999998,-0.08899999999999997
"PLANTATION KEY, ATLANTIC SIDE",8723769,24.9733,-80.55,0.0232,07/01/1975 - 07/31/1975,0.09100000000000008,0.04999999999999993,-0.27
PACKWOOD PLACE,8721222,28.94,-80.87,0.0288,02/01/1979 - 03/31/1979,0.06300000000000017,0.013000000000000123,-0.1509999999999999
"SHELL POINT, WALKER CREEK",8728229,30.06,-84.29,0.0036,01/01/1974 - 12/31/1981; 01/01/1983 - 12/31/1986,0.496,0.42300000000000004,0.006000000000000005
WEST PALM BEACH,8722654,26.645,-80.045,0.0165,01/01/1971 - 12/31/1971,0.08499999999999996,0.03200000000000003,-0.354
"CALLAWAY BAYOU, EAST BAY",8729063,30.1367,-85.5717,0.0235,09/01/1976 - 09/30/1976,0.2650000000000001,0.2390000000000001,0.041000000000000036
BOOT KEY HARBOR,8723971,24.7033,-81.105,0.0221,04/01/1975 - 05/31/1975,0.027000000000000135,-0.04299999999999993,-0.2719999999999999
"LOWER MATECUMBE KEY, FLA. BAY",8723852,24.865,-80.7167,0.0176,01/01/1971 - 12/31/1971,-0.09699999999999998,-0.139,-0.257
"USCG STA., ISLAMORADA, SNAKE CR",8723786,24.9533,-80.5867,0.0227,05/01/1975 - 05/31/1975,-0.10200000000000009,-0.131,-0.2530000000000001
"LONG SHOAL, MACDILL AFB",8726604,27.855,-82.48,0.0172,12/01/1975 - 12/31/1975,0.29400000000000015,0.2280000000000001,-0.05599999999999994
"WHITE CITY, INTERCOASTAL WATER WAY, FL",8728853,29.880694,-85.221444,0.0092,01/01/2009 - 12/31/2010,0.28600000000000014,0.2660000000000001,0.136
"PASS CHRISTIAN YACHT CLUB, MISS. SOUND",8746819,30.31,-89.245,0.011,12/01/1979 - 11/30/1980,0.41300000000000003,0.3860000000000001,0.15400000000000003
ALLIGATOR POINT,8728288,29.9033,-84.4133,0.0174,10/01/1975 - 11/30/1975,0.383,0.31000000000000005,-0.015000000000000013
"CAT POINT, APALACHICOLA BAY",8728619,29.7233,-84.8867,0.0195,03/01/1984 - 03/31/1984,0.29100000000000015,0.19799999999999995,-0.04899999999999993
"ST. ANDREW SOUND, EAST END",8729022,29.97,-85.48,0.0232,07/01/1976 - 08/31/1976,0.246,0.20399999999999996,0.029000000000000026
SADDLEBUNCH CHANNEL NO. 3,8724405,24.6233,-81.6033,0.0262,02/01/1975 - 02/28/1975,0.05800000000000005,-0.02200000000000002,-0.133
TURTLE MOUND,8721223,28.9267,-80.825,0.043,03/01/1979 - 03/31/1979,-0.006000000000000005,-0.037000000000000144,-0.12100000000000022
"CONTENT KEY,GULF OF MEXICO",8724307,24.79,-81.4833,0.0222,03/01/1974 - 02/28/1975,0.20900000000000007,0.1359999999999999,-0.28600000000000003
"SEBASTIAN, INDIAN RIVER",8722029,27.8117,-80.4633,0.0128,08/01/1969 - 07/31/1970; 09/01/1972 - 08/31/1973,-0.20599999999999996,-0.22799999999999998,-0.274
"HUDSON, HUDSON CREEK",8727061,28.3617,-82.71,0.0232,09/01/1978 - 11/30/1978,0.349,0.24,-0.124
"TAMPA, BALLAST POINT",8726639,27.89,-82.48,0.0172,07/01/1996 - 09/30/1996,0.2919999999999999,0.19899999999999995,-0.09199999999999997
"MICCO, INDIAN RIVER",8721994,27.8733,-80.4967,0.0186,04/01/1972 - 04/30/1972,-0.20100000000000007,-0.21700000000000008,-0.258
PALMA SOLA BAY NORTH,8726249,27.5033,-82.6483,0.0167,04/01/1977 - 10/31/1977,0.21999999999999986,0.1389999999999999,-0.1050000000000001
"OREGON INLET MARINA, PAMLICO SOUND",8652587,35.795,-75.5483,7e-4,01/01/1995 - 12/31/2011,0.14500000000000002,0.10200000000000009,-0.03799999999999992
"REDFISH POINT, MANATEE RIVER",8726278,27.5267,-82.4817,0.0283,09/01/1977 - 09/30/1977,0.246,0.17300000000000004,-0.07900000000000007
BIG PINE KEY VIADUCT,8724211,24.67,-81.3683,0.016,01/01/1974 - 12/31/1974,-0.04299999999999993,-0.11299999999999999,-0.22899999999999998
"TARPON CREEK, SUGARLOAF KEY",8724334,24.63,-81.5167,0.026,04/01/1974 - 04/30/1974,-0.1120000000000001,-0.14000000000000012,-0.21100000000000008
HILLSBORO,8722859,26.26,-80.085,0.0169,05/01/1973 - 10/31/1973,0.137,0.09800000000000009,-0.272
"WEDNESDAY POINT, KEY LARGO",8723518,25.31,-80.2983,0.0256,11/01/1971 - 02/29/1972,-0.119,-0.13000000000000012,-0.252
LAKE WORTH CREEK,8722512,26.9117,-80.08,0.0199,03/01/1973 - 03/31/1973,0.053999999999999826,0.010000000000000009,-0.30100000000000005
"MATANZAS PASS, ESTERO ISLAND",8725366,26.4567,-81.9533,0.018,06/01/1973 - 06/30/1973,0.129,0.04899999999999993,-0.22100000000000009
"STUART, ST. LUCIE RIVER",8722357,27.2,-80.2583,0.0227,07/01/1969 - 06/30/1970,-0.08699999999999997,-0.1200000000000001,-0.248
"GADSDEN POINT, TAMPA BAY",8726573,27.8217,-82.485,0.0153,12/01/1975 - 12/31/1975,0.2569999999999999,0.18100000000000005,-0.07800000000000007
DELRAY BEACH,8722746,26.4733,-80.0617,0.0248,04/01/1973 - 05/31/1973,0.14300000000000002,0.0970000000000002,-0.29799999999999993
"EL JOBEAN, MYAKKA RIVER",8725769,26.9617,-82.21,0.022,08/01/1977 - 12/31/1977,0.1180000000000001,0.039000000000000146,-0.15899999999999992
MISSOURI-OHIO CHANNEL,8724107,24.6733,-81.2433,0.0186,03/01/1975 - 03/31/1975,-0.04500000000000015,-0.11699999999999999,-0.26900000000000013
TIERRA VERDE,8726428,27.6883,-82.7183,0.0161,06/01/1990 - 10/31/1990,0.18600000000000005,0.10399999999999998,-0.126
"PT. CHARLES, GAGE 'C', KEY LARGO",8723691,25.0817,-80.45,0.0258,05/01/1975 - 07/31/1975,0.08000000000000007,0.052000000000000046,-0.249
JUPITER WEST,8722492,26.9467,-80.09,0.018,02/01/1973 - 06/30/1973; 08/01/1973 - 10/31/1973,0.009000000000000119,-0.03699999999999992,-0.344
BIG PINE KEY NORTH END,8724231,24.745,-81.395,0.028,10/01/1974 - 11/30/1974,0.040999999999999925,-0.017000000000000126,-0.258
PIGEON KEY (INSIDE),8724033,24.705,-81.1567,0.0247,11/01/1973 - 12/31/1973,-0.09599999999999986,-0.17499999999999982,-0.2509999999999999
"BOCA CHICA, SOUTHWEST END",8724499,24.5633,-81.7133,0.0129,02/01/1971 - 01/31/1972,-0.04600000000000004,-0.129,-0.254
DUCK KEY,8723927,24.765,-80.9133,0.0148,01/01/1971 - 12/31/1971,-0.014000000000000012,-0.07299999999999995,-0.2739999999999999
ROCK HARBOR INSIDE,8723688,25.0817,-80.445,0.0312,02/01/1975 - 03/31/1975,0.08200000000000007,0.03400000000000003,-0.28500000000000003
BAILEYS BLUFF GULFSIDE,8726978,28.205,-82.7833,0.018,03/01/1976 - 03/31/1976,0.32800000000000007,0.21500000000000008,-0.118
NORTH PALM BEACH,8722557,26.8267,-80.055,0.0105,09/01/1970 - 08/31/1973,0.16800000000000015,0.1080000000000001,-0.31399999999999995
"HOBE SOUND BRIDGE, HOBE SOUND",8722429,27.065,-80.1233,0.0203,08/01/1969 - 07/31/1970,-0.11099999999999999,-0.1479999999999999,-0.374
"ECONFINA RIVER, INSIDE",8727956,30.0533,-83.91,0.0269,02/01/1977 - 03/31/1977,0.582,0.505,0.07499999999999996
CUDJOE KEY NO. POINT,8724328,24.7,-81.505,0.0189,01/01/1971 - 12/31/1971,0.20600000000000007,0.1349999999999999,-0.20399999999999996
NORTH TURNBULL BAY,8721136,29.0833,-80.9667,0.0219,11/01/1978 - 04/30/1979,0.07000000000000006,0.014999999999999902,-0.16600000000000004
"MANDALAY, AUCILLA RIVER",8727989,30.1267,-83.975,0.0183,02/01/1975 - 01/31/1976,0.5790000000000001,0.5139999999999999,0.19599999999999995
"ISLAMORADA, WHALE HARBOR CHANNEL",8723797,24.9383,-80.61,0.0235,12/01/1971 - 02/29/1972,-0.03100000000000014,-0.05900000000000016,-0.27400000000000013
MISSOURI-LITTLE DUCK CHANNEL,8724099,24.68,-81.235,0.0208,02/01/1975 - 02/28/1975,-0.03699999999999992,-0.09899999999999998,-0.22199999999999998
ALAFIA RIVER NORTH,8726614,27.87,-82.3283,0.0205,03/01/1977 - 04/30/1977,0.348,0.255,-0.05400000000000005
"BRADENTON, MANATEE RIVER",8726247,27.5,-82.5733,0.0128,01/01/1977 - 12/31/1977,0.22299999999999998,0.1429999999999999,-0.09699999999999998
"KEY WEST, WHITE STREET PIER",8724557,24.545,-81.7833,0.0128,09/01/1974 - 09/30/1974,0.03600000000000003,-0.05600000000000005,-0.264
"GRASSY KEY NORTH SIDE, FLORIDA BAY",8723921,24.7717,-80.94,0.0194,01/01/1971 - 12/31/1971,-0.03400000000000003,-0.08499999999999996,-0.2370000000000001
"FLORIDATOWN, ESCAMBIA BAY",8729824,30.5817,-87.18,0.0167,06/01/1977 - 07/31/1977,0.32600000000000007,0.30699999999999994,0.10099999999999998
"BIG PINE KEY, WEST SIDE",8724227,24.69,-81.3833,0.0196,11/01/1973 - 02/28/1974,-0.06399999999999983,-0.129,-0.21899999999999986
BIG LAGOON,8729909,30.3267,-87.3567,0.016,01/01/1994 - 02/28/1994,0.27,0.2610000000000001,0.10099999999999998
"BINNEY DOCK, FT PIERCE INLET",8722213,27.4683,-80.3,0.0263,04/01/1999 - 05/31/1999,0.010000000000000009,-0.04299999999999993,-0.33399999999999996
"ALLANTON, EAST BAY",8729015,30.03,-85.465,0.0179,02/01/1976 - 01/31/1977,0.274,0.2390000000000001,0.039000000000000035
CUTOFF SOUTH,8725685,26.855,-82.3033,0.0271,03/01/1978 - 05/31/1978,0.06899999999999995,-0.008000000000000007,-0.14400000000000013
CUDJOE KEY PIRATES COVE,8724332,24.6617,-81.515,0.0152,01/01/1971 - 12/31/1971,0.05699999999999994,-0.013000000000000123,-0.18000000000000005
"PEARL BAYOU, EAST BAY",8729085,30.0983,-85.6133,0.0129,07/01/1976 - 08/31/1976,0.2540000000000001,0.2240000000000001,0.041000000000000036
"TEQUESTA, N.FORK,LOXAHATCHEE R.",8722486,26.96,-80.105,0.0308,02/01/1969 - 02/28/1969,0.026000000000000023,-0.026000000000000023,-0.29100000000000004
CARD SOUND BRIDGE,8723534,25.2883,-80.37,0.0215,05/01/1970 - 04/30/1971,-0.1319999999999999,-0.14500000000000002,-0.22599999999999998
"WETAPPO CREEK, EAST BAY",8728973,30.0383,-85.3933,0.0221,05/01/1976 - 05/31/1976,0.30500000000000005,0.251,0.05699999999999994
"DAUPHIN ISLAND, MOBILE BAY",8735180,30.25,-88.075,0.0015,01/01/1983 - 12/31/1997,0.21300000000000008,0.20700000000000007,0.018000000000000016
SHAKETT CREEK,8725902,27.1267,-82.4467,0.0245,07/01/1977 - 08/31/1977; 11/01/1977 - 12/31/1977,0.139,0.05499999999999994,-0.1200000000000001
"GULFPORT HARBOR, MISSISSIPPI SOUND",8745557,30.36,-89.0817,0.0085,01/01/2006 - 12/31/2007; 01/01/2009 - 12/31/2010,0.30000000000000004,0.272,0.040000000000000036
LITTLE HICKORY BAY,8725259,26.33,-81.8383,0.0235,03/01/1978 - 08/31/1978,0.04200000000000004,-0.006999999999999895,-0.09599999999999986
"FISHING BEND, SANTA ROSA SOUND",8729806,30.3367,-87.14,0.0145,05/01/1985 - 06/30/1985,0.2649999999999999,0.244,0.06699999999999995
"CORTEZ, SARASOTA BAY",8726217,27.4667,-82.6867,0.0183,06/01/1990 - 10/31/1990,0.16399999999999992,0.07499999999999996,-0.14000000000000012
FILLMANS BAYOU,8727086,28.4133,-82.6767,0.0197,07/01/1978 - 11/30/1978,0.355,0.24499999999999988,-0.06300000000000006
BLACKBURN POINT,8725943,27.1783,-82.495,0.0294,07/01/1977 - 07/31/1977; 09/01/1977 - 10/31/1977,0.03399999999999981,-0.05600000000000005,-0.21700000000000008
WHALE HARBOR MARINA,8723795,24.94,-80.6083,0.0253,05/01/1975 - 05/31/1975,0.050999999999999934,0.016999999999999904,-0.2340000000000001
HERNANDEZ POINT NORTH,8729791,30.455,-87.1,0.0149,06/01/1977 - 07/31/1977,0.29300000000000004,0.27600000000000013,0.09399999999999997
"FILLMANS CREEK, NEW PORT RICHEY",8726988,28.23,-82.7533,0.019,03/01/1976 - 03/31/1976,0.364,0.237,-0.119
"RIVERIA CANAL, KEY WEST",8724529,24.565,-81.7517,0.0245,11/01/1974 - 12/31/1974,-0.03200000000000003,-0.119,-0.238
"BAY WAVELAND YACHT CLUB, BAY ST. LOUIS",8747437,30.326389,-89.325778,1e-4,07/01/2006 - 06/30/2011; 01/01/2014 - 12/31/2015,0.32599999999999996,0.28600000000000014,0.05900000000000005
"POINT CHARLES, KEY LARGO",8723689,25.0817,-80.4467,0.0237,05/01/1975 - 07/31/1975,0.07800000000000007,0.049000000000000155,-0.2649999999999999
"IMPERIAL RIVER, HEADWATERS",8725271,26.3433,-81.78,0.0239,03/01/1978 - 07/31/1978,0.07899999999999996,0.02200000000000002,-0.08199999999999985
"MASSALINA BAYOU, ST. ANDREW BAY",8729107,30.1517,-85.66,0.0238,10/01/1976 - 10/31/1976,0.25,0.22599999999999998,0.04200000000000004
OVERSTREET,8728957,29.9967,-85.37,0.0221,05/01/1976 - 05/31/1976,0.30800000000000005,0.278,0.07099999999999995
"NIX POINT, PERDIDO BAY",8729962,30.3933,-87.425,0.0075,06/01/1973 - 05/31/1978,0.22999999999999998,0.22599999999999998,0.11699999999999999
"MARCO ISLAND, CAXAMBAS PASS",8724967,25.9083,-81.7283,0.008,02/01/1976 - 01/31/1979,0.21099999999999985,0.135,-0.20800000000000007
"MARCO, BIG MARCO RIVER",8724991,25.9717,-81.7283,0.0158,07/01/1989 - 07/31/1989,0.19700000000000006,0.13000000000000012,-0.19199999999999995
CUDJOE BAY,8724313,24.66,-81.4917,0.018,10/01/1974 - 10/31/1974,0.02200000000000002,-0.05899999999999994,-0.2390000000000001
"NORTH FORK, ANCLOTE RIVER",8726908,28.1583,-82.7567,0.019,01/01/1976 - 01/31/1976,0.31799999999999995,0.21600000000000008,-0.06699999999999995
"WHITFIELD ESTATES, SARASOTA BAY",8726159,27.4083,-82.58,0.0352,09/01/1977 - 09/30/1977,0.1259999999999999,0.040999999999999925,-0.15300000000000002
"GAGE A, POINT CHARLES, KEY LARGO",8723693,25.0767,-80.455,0.0243,05/01/1975 - 07/31/1975,0.08399999999999985,0.053999999999999826,-0.2460000000000001
"ST. MARKS LHTSE., APALACHEE BAY",8728130,30.0783,-84.1783,0.0162,01/01/1975 - 12/31/1975,0.5010000000000001,0.42900000000000005,0.02200000000000002
LOWER MATECUMBE KEY HAWK CHANNEL,8723851,24.8683,-80.7033,0.0177,05/01/1971 - 04/30/1972,0.04800000000000004,0.0040000000000000036,-0.276
NORTH PERDIDO RIVER,8729949,30.5233,-87.4433,0.0187,04/01/1977 - 07/31/1977,0.2829999999999999,0.2729999999999999,0.15100000000000002
"GLOUCESTER POINT, YORK RIVER",8637624,37.2467,-76.5,0,01/01/1983 - 12/31/2001,0.33199999999999996,0.273,-0.09299999999999997
SEBASTIAN INLET,8722004,27.86,-80.4483,0.0192,08/01/1969 - 07/31/1970,-9.999999999998899e-4,-0.05899999999999994,-0.368
"NE END, ST. GEORGE ISLAND",8728486,29.7667,-84.7,0.0215,09/01/1983 - 09/30/1983,0.2869999999999999,0.244,-0.017000000000000126
DIXIE BAY,8727336,28.8817,-82.635,0.0272,07/01/1978 - 08/31/1978,0.28800000000000003,0.20599999999999996,-0.05999999999999994
"ENGLEWOOD, LEMON BAY",8725747,26.9333,-82.3533,0.0184,03/01/1976 - 02/28/1977,0.038999999999999924,-0.04100000000000015,-0.19500000000000006
HORSESHOE POINT,8727648,29.4367,-83.2933,0.0147,07/01/1978 - 12/31/1978,0.4680000000000001,0.378,-0.04600000000000004
"SIKES CUT, ST. GEORGE ISLAND",8728669,29.6133,-84.9583,0.0171,03/01/1984 - 03/31/1984,0.19000000000000017,0.121,-0.06699999999999995
MANASOTA,8725809,27.0117,-82.41,0.027,11/01/1977 - 01/31/1978,0.10200000000000009,0.014000000000000012,-0.1439999999999999
STEINHATCHEE,8727695,29.6717,-83.39,0.0136,07/01/1975 - 06/30/1976,0.502,0.4179999999999999,-0.02400000000000002
"COCONUT POINT, ESTERO BAY",8725319,26.4,-81.8433,0.0186,06/01/1973 - 06/30/1973,0.22199999999999998,0.14100000000000001,-0.11499999999999999
SOUTH CARRABELLE BEACH,8728488,29.8017,-84.7367,0.0167,12/01/1977 - 05/31/1978,0.30000000000000004,0.24299999999999988,-0.02400000000000002
"PIMLICO, WEST BRANCH COOPER RIVER",8663539,33.095,-79.9533,0.0187,08/01/1976 - 07/31/1977,0.8790000000000001,0.8099999999999999,0.5559999999999999
"GRASSY KEY, ATLANTIC SIDE",8723933,24.755,-80.9583,0.0282,06/01/1975 - 06/30/1975,0.030000000000000027,-0.030000000000000027,-0.274
"BILOXI (CADET POINT), BILOXI BAY",8743735,30.39,-88.8567,0.0065,01/01/1980 - 12/31/1986,0.42200000000000015,0.3900000000000001,0.15500000000000003
LITTLE MANATEE RIVER,8726436,27.705,-82.4483,0.0277,12/01/1978 - 03/31/1979,0.2160000000000002,0.15900000000000003,-0.07599999999999985
"CLEARWATER BEACH, GULF OF MEXICO",8726724,27.9783,-82.8317,0.0039,01/01/1997 - 12/31/2007; 08/01/2008 - 07/31/2009,0.30200000000000005,0.19799999999999995,-0.08699999999999997
VERO BEACH (OCEAN),8722105,27.67,-80.36,0.0204,08/01/1972 - 07/31/1973,0.26900000000000013,0.16799999999999993,-0.348
STOCK ISLAND,8724503,24.5767,-81.7217,0.0196,04/01/1974 - 04/30/1974,-0.04999999999999982,-0.135,-0.246
"CAMBRIDGE, CHOPTANK RIVER",8571892,38.5733,-76.0683,0,01/01/1983 - 12/31/2001,0.28500000000000014,0.22100000000000009,-0.026999999999999913
HILLSBOROUGH RIVER ENTRANCE,8726693,27.9467,-82.4617,0.019,07/25/1990 - 08/28/1990,0.3230000000000002,0.2470000000000001,-0.04800000000000004
SEWALL POINT. ST. LUCIE RIVER,8722371,27.175,-80.1883,0.0282,05/01/1973 - 10/31/1973,-0.19399999999999995,-0.21999999999999997,-0.3360000000000001
"PALMA SOLA BAY, SOUTH",8726233,27.485,-82.645,0.0181,05/01/1977 - 07/31/1977,0.21399999999999997,0.135,-0.10099999999999998
"PERDIDO KEY, OLD RIVER",8729974,30.3,-87.4483,0.0241,02/01/1994 - 03/31/1994,0.2390000000000001,0.2310000000000001,0.10699999999999998
GOMEZ,8722414,27.0933,-80.1367,0.0239,04/01/1973 - 04/30/1973,-0.052999999999999936,-0.09099999999999997,-0.2829999999999999
"WINEA PLANTATION, BLACK RIVER",8661593,33.535,-79.3883,0.0168,04/01/1982 - 06/30/1982,0.477,0.44299999999999995,0.132
DUNEDIN CITY DOCK,8726761,28.0133,-82.7933,0.0152,06/01/1975 - 08/31/1975,0.34299999999999997,0.23699999999999988,-0.05800000000000005
FT. LAUDERDALE BAHIA YACHT CLUB,8722939,26.1133,-80.1083,0.0144,05/01/1970 - 04/30/1971,0.11099999999999999,0.07600000000000007,-0.2859999999999999
HAULOVER INSIDE,8723073,25.9033,-80.125,0.0147,07/01/1974 - 06/30/1975,0.08099999999999996,0.061000000000000165,-0.2589999999999999
"COLONIAL BEACH, POTOMAC RIVER",8635150,38.2517,-76.96,0,01/01/1983 - 12/31/2001,0.2899999999999998,0.24,-0.007000000000000117
"SHIELD POINT, BLACKWATER RIVER",8729747,30.5817,-87.015,0.0135,01/01/1993 - 10/31/1993,0.3400000000000001,0.30900000000000016,0.09600000000000009
JUPITER INLET,8722495,26.9433,-80.0733,0.0106,03/01/1971 - 02/28/1973,0.05800000000000005,0.006000000000000005,-0.357
"SARASOTA, SARASOTA BAY",8726083,27.3317,-82.545,0.0346,06/01/1977 - 07/31/1977,0.1200000000000001,0.04700000000000015,-0.1499999999999999
SOUTH PORT EVERGLADES,8722956,26.0817,-80.1167,0.0172,08/01/1973 - 08/31/1973,0.1519999999999999,0.1180000000000001,-0.258
"NAPLES BAY, NORTH",8725114,26.1367,-81.7883,0.0129,08/01/1978 - 08/31/1978,0.20999999999999996,0.135,-0.15200000000000014
"NEW RIVER, JACKSONVILLE",8656394,34.745,-77.4367,0.0325,04/25/1980 - 05/21/1980,0.07099999999999995,0.06000000000000005,-0.020000000000000018
LAKE WYMAN,8722802,26.37,-80.07,0.0246,04/01/1973 - 04/30/1973,0.02100000000000013,-0.016999999999999904,-0.3619999999999999
"PORT EVERGLADES, LAKE MABEL",8722951,26.0917,-80.1233,0.0102,10/01/1970 - 09/30/1973,0.17199999999999993,0.1369999999999998,-0.2470000000000001
"SAFETY HARBOR, OLD TAMPA BAY",8726738,27.9883,-82.685,0.0168,01/01/1991 - 05/31/1991,0.31299999999999994,0.20700000000000007,-0.08499999999999996
"PLACIDA, GASPARILLA SOUND",8725667,26.8333,-82.265,0.0256,08/01/1977 - 12/31/1977,0.040000000000000036,-0.030999999999999917,-0.1499999999999999
"PALMETTO BLUFF, ST. JOHNS RIVER",8720653,29.7633,-81.5617,0.026,09/01/1978 - 03/31/1979,0.17300000000000004,0.14600000000000013,-0.018999999999999906
"ALLIGATOR POINT, SW CAPE",8728261,29.895,-84.3883,0.0217,02/01/1977 - 07/31/1977,0.389,0.32200000000000006,-0.0030000000000001137
"PANAMA CITY, ST. ANDREW BAY",8729108,30.152278,-85.666944,0,01/01/1983 - 12/31/1997; 01/01/1999 - 12/31/2001,0.23899999999999988,0.22499999999999987,0.03299999999999992
BOCA CIEGA BAY,8726574,27.8083,-82.795,0.0277,08/01/1990 - 08/31/1990,0.238,0.1499999999999999,-0.10200000000000009
OZELLO,8727306,28.825,-82.6583,0.0362,10/01/1978 - 11/30/1978,0.08299999999999996,0.03499999999999992,-0.03500000000000014
"PECK LAKE, ST. LUCIE INLET",8722404,27.1133,-80.145,0.0337,10/01/1972 - 12/31/1972,-0.08499999999999996,-0.11999999999999988,-0.30699999999999994
"CARRABELLE RIVER, ST. GEORGE SOUND",8728464,29.85,-84.665,0.0159,11/01/1977 - 02/28/1978,0.29900000000000015,0.242,-0.0129999999999999
"LYNN HAVEN, NORTH BAY",8729102,30.255,-85.6483,0.0198,01/01/1976 - 12/31/1976,0.27500000000000013,0.2390000000000001,0.04700000000000015
SADDLEBUNCH CHANNEL NO. 4,8724417,24.615,-81.6167,0.0296,05/01/1974 - 05/31/1974,0.06800000000000006,-0.010000000000000009,-0.1499999999999999
"WEST LAKE, SOUTH END",8722982,26.0333,-80.1233,0.0218,08/01/1973 - 08/31/1973,0.04200000000000004,0.018000000000000016,-0.2809999999999999
CANOVA,8721804,28.1383,-80.5783,0.0329,06/01/1970 - 08/31/1970,0.3190000000000002,0.19200000000000017,-0.31499999999999995
MANGROVE POINT INSIDE,8726492,27.7417,-82.4667,0.0134,04/01/1977 - 08/31/1977,0.2610000000000001,0.17400000000000015,-0.09299999999999997
LA GRANGE BAYOU,8729333,30.4683,-86.1383,0.0359,08/01/1977 - 11/30/1977,0.15599999999999992,0.15399999999999991,0.09199999999999986
"BIG TORCH KEY, WEST SIDE",8724264,24.705,-81.4333,0.0209,12/01/1973 - 02/28/1974,-0.029000000000000137,-0.11099999999999999,-0.20400000000000018
TAVERNIER HAWK CHANNEL,8723747,25.005,-80.5167,0.0196,01/01/1971 - 12/31/1971,0.07800000000000007,0.04299999999999993,-0.262
FRENCH QUARTER CREEK,8663781,33.055,-79.88,0.019,08/01/1976 - 10/31/1976,0.778,0.7149999999999999,0.33499999999999996
NORTH MIAMI BEACH,8723050,25.93,-80.12,0.0131,05/01/1973 - 04/30/1974,0.11399999999999988,0.08199999999999985,-0.29200000000000004
FIDDLERS POINT,8728258,30.015,-84.3683,0.0137,09/01/1976 - 09/30/1976,0.486,0.4179999999999999,-0.0020000000000000018
"ELEVEN MILE, ST. VINCENT SOUND",8728786,29.7067,-85.1533,0.024,12/01/1977 - 05/31/1978,0.22999999999999998,0.18900000000000006,-0.004999999999999893
BAYPORT,8727151,28.5333,-82.65,0.0213,12/01/1978 - 03/31/1979,0.40200000000000014,0.28500000000000014,-0.08099999999999996
"WOODS HOLE, BUZZARDS BAY",8447930,41.5233,-70.6717,0,01/01/1983 - 12/31/2001,0.2570000000000001,0.17300000000000004,-0.11599999999999988
"ESTERO ISLAND, ESTERO BAY",8725351,26.4383,-81.9183,0.0191,06/01/1973 - 06/30/1973,0.127,0.04400000000000004,-0.21700000000000008
SHIRED ISLAND,8727604,29.3983,-83.2067,0.0168,09/01/1978 - 11/30/1978,0.4580000000000002,0.373,-0.03599999999999992
HILLSBORO INLET OCEAN,8722862,26.2567,-80.08,0.0146,12/01/1970 - 07/31/1971,0.11599999999999988,0.07599999999999985,-0.30900000000000016
"HILLSBORO INLET, INSIDE",8722861,26.2583,-80.0817,0.0146,05/01/1970 - 04/30/1971,0.13400000000000012,0.09200000000000008,-0.2889999999999999
INDIAN BLUFF ISLAND,8726853,28.1033,-82.7783,0.0164,11/01/1975 - 11/30/1975,0.347,0.24099999999999988,-0.07800000000000007
"WHISKEY CREEK, SOUTH ENTRANCE",8722971,26.055,-80.1133,0.0187,08/01/1973 - 08/31/1973,0.127,0.10000000000000009,-0.242
"OCEAN REEF HARBOR, KEY LARGO",8723519,25.3083,-80.2767,0.0149,02/01/1971 - 01/31/1972,0.08400000000000007,0.07500000000000018,-0.266
"SMITH'S DOCK, MURRELLS INLET",8661559,33.545,-79.045,0.0165,02/01/1975 - 01/31/1976,0.646,0.527,-0.09799999999999998
THE KITCHEN,8726572,27.82,-82.3867,0.0177,12/01/1978 - 12/31/1978; 02/01/1979 - 03/31/1979,0.2769999999999999,0.19099999999999984,-0.08400000000000007
PUNTA GORDA,8725744,26.9283,-82.065,0.0181,07/01/1977 - 02/28/1978,0.09600000000000009,0.016999999999999904,-0.17599999999999993
ST. TERESA BEACH,8728311,29.9283,-84.4467,0.0143,04/01/1976 - 05/31/1976,0.3430000000000002,0.27900000000000014,-0.03399999999999981
"BOGIE CHANNEL LANDING, BIG PINE KEY",8724193,24.6967,-81.3483,0.0201,10/01/1974 - 10/31/1974,-0.03699999999999992,-0.10499999999999998,-0.20799999999999996
ANCLOTE RIVER,8726924,28.1717,-82.785,0.0135,04/01/1975 - 02/29/1976,0.33000000000000007,0.21999999999999997,-0.09999999999999987
EVERGLADES CITY,8724948,25.8583,-81.3867,0.0131,02/01/1978 - 01/31/1979,0.23199999999999998,0.15900000000000003,-0.20500000000000007
"EDGEWATER, INDIAN RIVER",8721191,28.9883,-80.9,0.0345,03/01/1979 - 03/31/1979,0.22599999999999998,0.16399999999999992,-0.15000000000000013
PALM BEACH,8722607,26.7333,-80.0417,0.0165,05/01/1970 - 04/30/1971,0.131,0.07099999999999995,-0.33499999999999996
"VALPARISO, BOGGY BAYOU",8729501,30.5033,-86.4933,0.0198,11/01/2009 - 10/31/2010,0.19299999999999984,0.19199999999999995,0.11099999999999999
"W QUEEN ISABELLA CAUSEWAY, PORT ISABEL",8779739,26.0717,-97.1917,0.0084,01/01/1974 - 12/31/1975,0.137,0.12400000000000011,-0.030000000000000027
"CUTLER, BISCAYNE BAY",8723289,25.615,-80.305,0.0156,01/01/1971 - 12/31/1971,0.05699999999999994,0.038999999999999924,-0.258
"TWIN RIVERS MARINA, CRYSTAL RIVER",8727348,28.905,-82.6383,0.0202,01/01/1977 - 06/30/1977,0.369,0.2689999999999999,-0.026999999999999913
CASEY KEY,8725916,27.1533,-82.4833,0.023,10/01/1977 - 12/31/1977,0.1519999999999999,0.05999999999999983,-0.1260000000000001
"WEST TAMPA, HILLSBOROUGH RIVER",8726711,27.96,-82.4683,0.0192,12/01/1976 - 01/31/1977,0.2859999999999998,0.21099999999999985,-0.08500000000000019
"HARBOUR HEIGHTS, PEACE RIVER",8725791,26.9883,-81.9933,0.0245,12/01/1977 - 03/31/1978,0.1499999999999999,0.07200000000000006,-0.129
"JUPITER SOUND, SOUTH END",8722491,26.9517,-80.08,0.0269,11/01/1972 - 12/31/1972,0.05600000000000005,0.0050000000000001155,-0.2889999999999999
"NAPLES, GULF OF MEXICO",8725110,26.1317,-81.8075,0,01/01/1983 - 12/31/1986; 01/01/1989 - 12/31/2001,0.17799999999999994,0.10099999999999998,-0.19399999999999995
BLACKWATER RIVER,8729753,30.6367,-87.0283,0.0202,01/01/1993 - 10/31/1993,0.361,0.3230000000000002,0.10899999999999999
"BLUFF PLANTATION, COMBAHEE RIVER",8666359,32.6833,-80.7383,0.0095,01/01/1981 - 12/31/1983,0.774,0.72,0.31499999999999995
"HURST HAMMOCK, PERDIDO RIVER",8729943,30.4583,-87.4083,0.0198,07/01/1977 - 07/31/1977,0.254,0.246,0.127
MOBBLY BAYOU,8726769,28.0217,-82.655,0.0271,08/01/1990 - 08/31/1990,0.31399999999999983,0.20699999999999985,0.0029999999999998916
HAYDEN ROBERTS BAY,8726045,27.2917,-82.5417,0.0207,06/01/1977 - 07/31/1977,0.17599999999999993,0.09499999999999997,-0.1260000000000001
"SHELL CREEK, PEACE RIVER",8725781,26.98,-81.96,0.0242,04/01/1978 - 07/31/1978,0.19599999999999995,0.09800000000000009,-0.11999999999999988
KREAMER BAYOU,8726899,28.15,-82.7717,0.0183,01/01/1976 - 01/31/1976,0.3699999999999999,0.2589999999999999,-0.05900000000000016
GREAT EGG HARBOR RIVER,8534691,39.3683,-74.7167,0.0187,07/01/1978 - 10/31/1978,0.55,0.4640000000000002,0.0020000000000000018
TWENTY-SECOND ST. CAUSEWAY,8726685,27.9383,-82.4317,0.0184,09/01/1977 - 11/30/1977,0.30299999999999994,0.21999999999999997,-0.07699999999999996
"SANTA ROSA SOUND, EAST END",8729679,30.385,-86.8633,0.0161,11/01/1985 - 04/30/1986,0.30400000000000005,0.2829999999999999,0.08800000000000008
SADDLEBUNCH CHANNEL NO. 5,8724423,24.6117,-81.6233,0.0293,02/01/1975 - 02/28/1975,0.09600000000000009,0.014000000000000012,-0.09499999999999997
NEWMAN BRANCH,8726539,27.7833,-82.4067,0.0143,04/01/1977 - 09/30/1977,0.28600000000000003,0.19500000000000006,-0.08299999999999996
MIAMI BEACH (CITY PIER),8723170,25.7683,-80.1317,0.0064,01/01/1970 - 12/31/1978,0.10199999999999987,0.07699999999999996,-0.29300000000000015
"SOLOMONS ISLAND, PATUXENT RIVER",8577330,38.31667,-76.451667,0,01/01/1983 - 12/31/2001,0.19000000000000017,0.14600000000000013,-0.027999999999999803
BAILEYS BLUFF INSIDE,8726976,28.2017,-82.78,0.0182,03/01/1976 - 03/31/1976,0.34599999999999986,0.23299999999999987,-0.09800000000000009
"PORT ISABEL, LAGUNA MADRE",8779770,26.06,-97.215,0,01/01/1983 - 05/31/1984; 07/01/1985 - 12/31/2001,0.15900000000000003,0.14100000000000001,-0.01200000000000001
OHIO-BAHIA HONDA CHANNEL,8724112,24.67,-81.2517,0.0198,02/01/1975 - 02/28/1975,-0.06899999999999995,-0.1399999999999999,-0.30299999999999994
FAT DEER KEY,8723949,24.7333,-81.0167,0.0332,05/01/1975 - 05/31/1975,0.006000000000000005,-0.052000000000000046,-0.2450000000000001
"YANKEETOWN, WITHLACOOCHEE RIVER",8727411,29.03,-82.7133,0.0154,07/01/1978 - 12/31/1978,0.518,0.41500000000000004,-0.04400000000000004
ALLIGATOR HARBOR,8728255,29.9117,-84.365,0.0171,06/01/1976 - 07/31/1976,0.367,0.29699999999999993,-0.03699999999999992
WATER TURKEY BAY,8725222,26.2767,-81.825,0.0166,04/01/1978 - 08/31/1978,0.15300000000000002,0.08399999999999985,-0.16100000000000003
"PORTLAND, MORRISON STREET BRIDGE",9439221,45.51,-122.673,0.0306,09/01/2002 - 10/31/2002; 08/01/2005 - 10/31/2005,3.245,3.09,2.606
"SIGSBEE PARK, GARRISON BIGHT CHANNEL",8724542,24.585,-81.775,0.0177,09/01/1974 - 09/30/1974,0.014000000000000012,-0.06900000000000017,-0.21900000000000008
"PORT INGLIS, WITHLACOOCHEE RIVER",8727395,29.0017,-82.7583,0.0173,09/01/1978 - 10/31/1978,0.45399999999999996,0.34199999999999986,-0.13200000000000012
"TEQUESTA, NORTH",8722487,26.9517,-80.1017,0.0294,02/01/1973 - 02/28/1973,0.040999999999999925,-0.0050000000000001155,-0.274
"MCINTYRE, OCHLOCKONEE RIVER",8728366,29.9817,-84.5267,0.0199,07/01/1978 - 11/30/1978,0.39800000000000013,0.3460000000000001,0.08400000000000007
"MIAMI, BISCAYNE BAY",8723165,25.7783,-80.185,0.0105,01/01/1985 - 12/31/1986,0.08000000000000007,0.06000000000000005,-0.272
"OCEAN CITY, ISLE OF WIGHT",8570282,38.3317,-75.09,0.016,01/01/1976 - 12/31/1976,0.2629999999999999,0.19499999999999984,-0.1260000000000001
"ALLIGATOR BAYOU, PANAMA CITY",8729152,30.17,-85.755,0.0248,09/01/1991 - 10/31/1991,0.258,0.2390000000000001,0.050999999999999934
LITTLE RIVER NECK,8660098,33.87,-78.5733,0.0168,05/01/1975 - 01/31/1976,0.7139999999999999,0.5969999999999999,-0.10300000000000009
"PGA BOULEVARD BRIDGE, PALM BEACH",8722548,26.8433,-80.0667,0.0172,02/01/2010 - 09/30/2010,0.1429999999999998,0.09399999999999986,-0.30500000000000016
"BEAUFORT, DUKE MARINE LAB",8656483,34.72,-76.67,0,01/01/1983 - 12/31/2001,0.44499999999999984,0.3579999999999999,-0.1120000000000001
SUWANNEE,8727577,29.3283,-83.1517,0.0124,03/01/1975 - 02/29/1976,0.488,0.39400000000000013,-0.020999999999999908
"GARNIER BAYOU, SHALIMAR",8729538,30.435,-86.5867,0.01,06/01/1976 - 05/31/1978,0.18399999999999994,0.17900000000000005,0.119
"COCOHATCHEE RIVER, U.S. 41",8725228,26.2817,-81.8017,0.0177,09/01/1978 - 11/30/1978,0.15100000000000002,0.07800000000000007,-0.1509999999999998
"MOTSU SOUTH WHARF #1, CAPE FEAR RIVER",8658654,33.99,-77.9567,0.0184,04/01/1976 - 05/31/1976,0.585,0.49,-0.11299999999999999
WATCH HILL POINT,8458694,41.305,-71.86,0.0158,08/01/1962 - 08/31/1962,0.361,0.278,-0.09600000000000009
"MARTHON SHORES KEY, VACA CUT",8723950,24.73,-81.03,0.0212,08/01/1975 - 09/30/1975,-0.050999999999999934,-0.11199999999999988,-0.30400000000000005
"NIXON CROSSROADS, LITTLE RIVER",8660166,33.855,-78.6483,0.0177,01/01/1977 - 12/31/1977,0.7140000000000001,0.6150000000000001,-0.017000000000000015
OZELLO NORTH,8727328,28.8633,-82.6667,0.0224,06/01/1978 - 09/30/1978,0.33999999999999986,0.23899999999999988,-0.020000000000000018
"EAST TOCOI, ST. JOHNS RIVER",8720596,29.8583,-81.5533,0.0281,09/01/1978 - 11/30/1978,0.18199999999999994,0.1589999999999998,0.01399999999999979
EDWARDS CREEK,8720145,30.5017,-81.5417,0.0092,02/01/2008 - 01/31/2011,0.6340000000000001,0.5670000000000002,-0.06099999999999994
"CHINCOTEAGUE, USCG STATION",8630249,37.9317,-75.3833,0.0176,02/01/1977 - 01/31/1978,0.2390000000000001,0.18900000000000006,-0.052999999999999936
KEY COLONY BEACH,8723962,24.7183,-81.0167,0.0013,04/01/1977 - 03/31/1989; 12/01/1989 - 11/30/1991; 04/01/1993 - 03/31/1995,0.008000000000000007,-0.05800000000000005,-0.30400000000000005
"HANAHAN, TURKEY CREEK",8664589,32.9183,-80.0117,0.0193,09/01/1978 - 11/30/1978,0.7879999999999999,0.711,0.14800000000000002
BIG COPPITT KEY,8724489,24.6017,-81.655,0.0257,04/01/1974 - 05/31/1974,0.127,0.03500000000000014,-0.18799999999999994
"BISCAYNE CREEK, INTRACOASTAL WATERWAY",8723089,25.88,-80.1633,0.0143,05/01/1970 - 04/30/1971,0.07400000000000007,0.052999999999999936,-0.278
"PINE ISLAND, CHARLOTTE HARBOR",8725528,26.66,-82.155,0.0174,07/01/1977 - 07/31/1977; 11/01/1977 - 06/30/1978,0.052000000000000046,-0.028999999999999915,-0.19300000000000006
"GALVESTON PLEASURE PIER, GULF OF MEXICO",8771510,29.2853,-94.7894,0,01/01/1997 - 12/31/2001,0.43599999999999994,0.377,0.1519999999999999
OCHLOCKONEE RIVER STATE PARK,8728351,30.005,-84.4717,0.0147,05/01/1978 - 11/30/1978,0.42400000000000015,0.3600000000000001,0.03500000000000014
"LIVERRPOOL, PEACE RIVER",8725835,27.0433,-81.9867,0.025,02/01/1978 - 05/31/1978,0.18100000000000005,0.09200000000000008,-0.1160000000000001
MATAPEAKE,8572770,38.9567,-76.355,0.0066,01/01/1979 - 12/31/1983,0.18000000000000016,0.1030000000000002,-0.04799999999999982
"USCG LIFEBOAT STATION, OREGON INLET",8652678,35.7683,-75.5267,0.0226,05/01/1994 - 06/30/1994,0.2310000000000001,0.16799999999999993,-0.12399999999999989
"CEDAR KEY, GULF OF MEXICO",8727520,29.135,-83.0317,0.0015,01/01/1983 - 12/31/1987; 01/01/1989 - 12/31/1994; 01/01/1997 - 12/31/2001,0.47099999999999986,0.3679999999999999,-0.06600000000000006
COW KEY CHANNEL,8724527,24.57,-81.75,0.0194,02/01/1975 - 02/28/1975,-0.007000000000000117,-0.09200000000000008,-0.2140000000000002
"ST. PETERSBURG, TAMPA BAY",8726520,27.7606,-82.6269,0,01/01/1983 - 12/31/2001,0.24,0.15399999999999991,-0.08200000000000007
"SIESTA KEY, LITTLE SARASOTA BAY",8725985,27.2217,-82.515,0.032,10/01/1977 - 10/31/1977,0.1259999999999999,0.03699999999999992,-0.139
"PILLAR POINT, HALF MOON BAY",9414131,37.5025,-122.482167,0.016,06/01/2011 - 08/31/2011,1.72,1.522,0.924
"REAVES POINT, MOTSU CENTER",8658622,34.0033,-77.955,0.0178,04/01/1976 - 06/30/1976,0.43300000000000005,0.33599999999999985,-0.27500000000000013
"MYAKKA RIVER, US 41",8725837,27.045,-82.2933,0.0267,10/01/1977 - 12/31/1977,0.139,0.05799999999999983,-0.129
"FORT MYERS, CALOOSAHATCHEE RIVER",8725520,26.6477,-81.8712,0,01/01/1983 - 12/31/1996; 01/01/1998 - 12/31/2001,0.08299999999999996,0.016999999999999904,-0.125
"HAGLEY, WACCAMAW RIVER",8661991,33.435,-79.1817,0.0181,06/01/1979 - 05/31/1980,0.6400000000000001,0.5720000000000001,0.07499999999999996
KEY HAVEN WEST,8724517,24.58,-81.7383,0.0208,01/01/1975 - 01/31/1975,0.03299999999999992,-0.049000000000000155,-0.18500000000000005
PONCE DE LEON INLET SOUTH,8721147,29.0633,-80.915,0.0179,04/01/2006 - 07/31/2006; 10/01/2006 - 10/31/2006,0.272,0.18499999999999983,-0.27500000000000013
"NEWPORT, NARRAGANSETT BAY",8452660,41.505,-71.3267,0,01/01/1983 - 12/31/2001,0.5519999999999998,0.47699999999999987,-0.09299999999999997
"DUNN SOUND, NORTH, LITTLE RIVER",8660147,33.86,-78.58,0.0167,01/01/1975 - 12/31/1975,0.728,0.609,-0.09799999999999998
BLOUNT ISLAND BRIDGE,8720203,30.4133,-81.545,0.0169,09/01/1977 - 11/30/1977,0.44799999999999995,0.389,-0.10400000000000009
"BALTIMORE, FORT MCHENRY, PATAPSCO RIVER",8574680,39.26667,-76.578333,0,01/01/1983 - 12/31/2001,0.252,0.16100000000000003,-0.009999999999999787
"GALVESTON PIER 21, GALVESTON CHANNEL",8771450,29.31,-94.7933,0,01/01/1997 - 12/31/2001,0.3859999999999999,0.3600000000000001,0.20900000000000007
"CHINCOTEAGUE CHANNEL, SOUTH END",8630308,37.9067,-75.405,0.0232,06/01/1977 - 08/31/1977,0.357,0.29000000000000004,-0.041999999999999815
"PORT ARANSAS, H. CALDWELL PIER",8775270,27.8267,-97.05,0.0386,03/01/1980 - 07/31/1980,0.33899999999999997,0.30400000000000005,0.12199999999999989
"LONGBRANCH (USE-DDP), ST JOHNS RIVER",8720242,30.36,-81.62,0.016,03/01/2002 - 02/28/2003,0.32499999999999996,0.2959999999999998,-0.08499999999999996
"HAULOVER PIER, N. MIAMI BEACH",8723080,25.9033,-80.12,0.0057,01/01/1982 - 12/31/1991,0.131,0.1100000000000001,-0.264
"APALACHICOLA, APALACHICOLA RIVER",8728690,29.7267,-84.9817,0,01/01/1983 - 12/31/2001,0.26,0.22799999999999998,0.04500000000000015
SPRING WARRIOR CREEK,8727843,29.92,-83.6717,0.0184,06/01/1978 - 11/30/1978,0.5350000000000001,0.4560000000000002,0.028000000000000025
BLACK CREEK,8720434,30.08,-81.7617,0.0257,08/01/1978 - 10/31/1978,0.16599999999999993,0.14700000000000002,0.014000000000000012
"QUINBY BRIDGE, QUINBY CREEK",8663535,33.095,-79.8083,0.0186,09/01/1976 - 12/31/1976,0.7989999999999999,0.7389999999999999,0.3799999999999999
"BACON BRIDGE, ASHLEY RIVER",8664531,32.9583,-80.2033,0.0288,02/01/1977 - 03/31/1977,1.089,1.02,0.6669999999999999
"U.S. NAVAL ACADEMY, SEVERN R., CHES. BAY",8575512,38.98328,-76.481556,0,01/01/1983 - 12/31/2001,0.20299999999999985,0.129,-0.016000000000000014
CHOKOLOSKEE,8724919,25.8133,-81.3633,0.0069,08/01/1973 - 07/31/1979,0.29000000000000004,0.20599999999999996,-0.20700000000000007
"STRATHMERE, STRATHMERE BAY",8535163,39.2,-74.6567,0.0138,11/01/1977 - 10/31/1978,0.595,0.4750000000000001,-0.08699999999999997
LAUDERDALE-BY-THE-SEA,8722899,26.1883,-80.0933,0.0145,02/01/1974 - 01/31/1975,0.17200000000000015,0.135,-0.2549999999999999
BARNEGAT INLET (INSIDE),8533615,39.7617,-74.1117,0.0047,01/01/1985 - 12/31/1993; 01/01/1995 - 12/31/1996,0.405,0.3340000000000001,-0.004999999999999893
"FORT PIERCE, SOUTH JETTY",8722212,27.47,-80.2883,0.0216,06/01/1972 - 11/30/1972,0.08400000000000007,0.018000000000000016,-0.359
COMBINATION BRIDGE,8660854,33.7133,-78.9217,0.0131,03/01/1977 - 12/31/1977,0.5429999999999999,0.496,0.23499999999999988
"HALIFAX RIVER, PONCE INLET",8721138,29.0817,-80.9367,0.0197,02/01/1974 - 01/31/1975,0.28100000000000014,0.19900000000000007,-0.22599999999999998
"MOREHEAD CITY HARBOR, HARBOR CHANNEL",8656502,34.72,-76.710833,0.0105,05/01/1996 - 08/31/1996,0.42300000000000004,0.3400000000000001,-0.11799999999999988
"CALICO JACKS MARINA, HARKER'S ISLAND",8656612,34.6867,-76.5333,0.0176,06/01/1977 - 10/31/1977,0.2250000000000001,0.16400000000000015,-0.09299999999999997
"LEWISETTA, POTOMAC RIVER",8635750,37.996111,-76.464444,0,01/01/1983 - 12/31/2001,0.20599999999999996,0.16300000000000003,-0.02200000000000002
CEDAR HEIGHTS,8720189,30.4367,-81.6417,0.0174,10/01/1977 - 01/31/1978,0.3979999999999999,0.353,-0.08899999999999997
KNIGHT KEY CHANNEL,8724008,24.7067,-81.125,0.0235,03/01/1975 - 03/31/1975,-0.127,-0.19899999999999984,-0.30400000000000005
"GARDEN CITY BRIDGE, MURRELLS INLET",8661419,33.5783,-79.0033,0.017,12/01/1974 - 11/30/1975,0.6539999999999999,0.5329999999999999,-0.10699999999999998
"SOUTH END, LAKE RUDEE",8639219,36.825,-75.9817,0.0185,03/01/1984 - 06/30/1984,0.4710000000000001,0.3680000000000001,-0.1419999999999999
KEY WEST,8724580,24.5557,-81.8079,0,01/01/1983 - 12/31/2001,0.013000000000000123,-0.07499999999999996,-0.266
"YONGES ISLAND, WADMALAW RIVER",8666217,32.695,-80.2233,0.0139,05/01/1977 - 04/30/1978,0.917,0.808,-0.01200000000000001
"MONTAUK, FORT POND BAY",8510560,41.0483,-71.96,0,01/01/1983 - 12/31/1992; 01/01/1994 - 12/31/2000,0.29200000000000004,0.20500000000000007,-0.10099999999999998
MANASQUAN INLET,8532591,40.1017,-74.035,0.0093,11/01/1982 - 10/31/1984,0.643,0.542,-0.06299999999999994
"CHERRY GROVE, INSIDE",8660265,33.835,-78.6333,0.0166,01/01/1975 - 12/31/1975,0.7270000000000001,0.6060000000000001,-0.09600000000000009
"RUDEE HEIGHTS, LAKE WESLEY",8639214,36.825,-75.975,0.0184,03/01/1984 - 06/30/1984,0.47,0.367,-0.13400000000000012
NORTH MYRTLE BEACH,8660642,33.7667,-78.815,0.0187,04/01/1977 - 07/31/1977,0.5530000000000002,0.4870000000000001,0.19800000000000018
LITTLE POTTSBURG CREEK,8720274,30.31,-81.61,0.0193,07/01/1978 - 11/30/1978,0.30299999999999994,0.2709999999999999,-0.04299999999999993
"DESTIN, EAST PASS",8729511,30.395,-86.5133,0.0168,05/01/1992 - 02/28/1993,0.2230000000000001,0.22100000000000009,0.123
"CRAMERS BOATYARD, MULLICA RIVER",8534212,39.5483,-74.4617,0.017,04/01/1978 - 10/31/1978,0.502,0.4209999999999998,0.008000000000000007
"BUCKSPORT, WACCAMAW RIVER",8661139,33.6467,-79.095,0.002,01/01/1977 - 12/31/1991,0.5950000000000002,0.5590000000000002,0.28200000000000003
"SONOMA CK.ENTR.,SAN PABLO BAY",9415338,38.1567,-122.407,0.015,11/01/2012 - 02/28/2013,1.958,1.778,1.129
"PURRYSBURG LANDING, SAVANNAH RIVER",8668701,32.3033,-81.1217,0.0228,07/01/1980 - 12/31/1980,1.524,1.4669999999999999,1.038
"BANDON, COQUILLE RIVER",9432373,43.12,-124.413,0.025,08/01/1977 - 10/31/1977,2.13,1.9109999999999998,1.1119999999999999
"MORGANS POINT, BARBOURS CUT",8770613,29.6817,-94.985,0.0015,04/01/1997 - 03/31/2008; 12/01/2008 - 11/30/2009; 04/01/2010 - 03/31/2013,0.3680000000000001,0.3460000000000001,0.18599999999999994
"BEACON BEACH, ST ANDREW BAY",8729105,30.0917,-85.6483,0.0116,12/01/1983 - 04/30/1984,0.2360000000000002,0.2220000000000002,0.03400000000000003
"CRYSTAL RIVER, KINGS BAY",8727343,28.8983,-82.5983,0.0271,10/01/1978 - 12/31/1978,0.353,0.2689999999999999,-0.0030000000000001137
"KIPTOPEKE, CHESAPEAKE BAY",8632200,37.16519,-75.988444,0,01/01/1983 - 12/31/2001,0.31599999999999984,0.2469999999999999,-0.14600000000000013
"HARBOR OF REFUGE, CHINCOTEAGUE",8630316,37.9033,-75.4067,0.0247,07/01/1977 - 08/31/1977,0.3859999999999997,0.31299999999999994,-0.05800000000000005
"NEW LONDON, THAMES RIVER",8461490,41.361389,-72.089972,0,01/01/1983 - 12/31/2001,0.3690000000000002,0.27900000000000014,-0.09199999999999986
"ABSECON, ABSECON CREEK",8534540,39.4233,-74.5,0.0147,12/01/1977 - 11/30/1978,0.6049999999999998,0.494,-0.05600000000000005
ST. MARYS RIVER HEADWATERS,8720001,30.7867,-81.84,0.0234,12/01/1977 - 04/30/1978,0.651,0.605,0.2669999999999999
"MINK CREEK ENT., NASSAU RIVER",8720119,30.5367,-81.5817,0.0198,10/01/1978 - 10/31/1978; 02/01/1979 - 02/28/1979,0.6000000000000001,0.526,-0.052999999999999936
CAPE HATTERAS FISHING PIER,8654400,35.2233,-75.635,0,01/01/1983 - 12/31/2001,0.4289999999999998,0.31999999999999984,-0.135
"CUMBERLAND, SAMPIT RIVER",8662216,33.37,-79.4333,0.0159,03/01/1982 - 07/31/1982,0.6929999999999998,0.623,0.05400000000000005
"BIG MARCO RIVER, U.S. 92",8724979,25.9333,-81.655,0.0164,03/01/1978 - 07/31/1978,0.2809999999999999,0.20300000000000007,-0.18900000000000006
"DOCTORS LAKE, PEORIA POINT",8720406,30.12,-81.7583,0.0253,06/01/1978 - 10/31/1978,0.1609999999999998,0.1399999999999999,0.0129999999999999
"MAYPORT (FERRY DEPOT), SAINT JOHNS RIVER",8720220,30.3933,-81.4317,0,01/01/1983 - 11/30/2000,0.5660000000000001,0.4850000000000001,-0.18100000000000005
"SOUTH ISLAND FERRY, WINYAH BAY",8662549,33.2517,-79.2683,0.0164,01/01/1977 - 12/31/1977,0.5940000000000001,0.506,-0.04899999999999993
"THE COVE, FT MOULTRIE, CHARLESTON HARBOR",8665637,32.7633,-79.8567,0.0114,04/01/1977 - 07/31/1977,0.7639999999999998,0.653,-0.09400000000000008
WILLTOWN BLUFF,8666367,32.6817,-80.4167,0.0146,06/01/1977 - 05/31/1978,0.9829999999999999,0.8960000000000001,0.15500000000000003
ST. AUGUSTINE,8720576,29.8917,-81.31,0.0089,01/01/1977 - 12/31/1978,0.6239999999999999,0.5210000000000001,-0.15500000000000003
"MC CLELLANVILLE, JEREMY CREEK",8663618,33.0783,-79.46,0.0191,04/01/1976 - 06/30/1976,0.7639999999999998,0.6459999999999999,-0.09400000000000008
"FOLLY RIVER BRIDGE, FOLLY RIVER",8666652,32.6617,-79.945,0.0111,02/01/1977 - 01/31/1978,0.7919999999999998,0.6759999999999999,-0.08499999999999996
DAYTONA BEACH SHORES,8721120,29.1467,-80.9633,0.0076,01/01/1978 - 12/31/1983,0.47699999999999987,0.3640000000000001,-0.242
"ROCKPORT, ARANSAS BAY",8774770,28.0217,-97.0467,0,01/01/2002 - 12/31/2006,0.3959999999999999,0.395,0.34299999999999997
"WACHAPREAGUE, WACHAPREAGUE CHANNEL",8631044,37.607778,-75.685833,0.0014,01/01/1983 - 12/31/1998,0.5710000000000002,0.4720000000000002,-0.10799999999999987
"PALM BEACH, BRAZILIAN DOCK,",8722621,26.705,-80.045,0.0059,01/01/1977 - 12/31/1986,0.1519999999999999,0.09499999999999997,-0.30400000000000005
"US HIGHWAY 17, SOUTH SANTEE RIVER",8662799,33.185,-79.4067,0.0036,01/01/1977 - 12/31/1988,0.69,0.6030000000000002,0
"ZEKES ISLAND, CAPE FEAR RIVER",8658741,33.95,-77.9517,0.0194,04/01/1976 - 06/30/1976,0.5720000000000001,0.47399999999999975,-0.14200000000000013
"TROUT R., SHERWOOD FOREST",8720213,30.42,-81.7283,0.0192,09/01/1978 - 12/31/1978,0.3799999999999999,0.33699999999999974,-0.06800000000000006
ST. MARKS CITY,8728151,30.155,-84.2033,0.0155,06/01/1977 - 06/30/1977,0.5570000000000002,0.47899999999999987,0.050000000000000044
ANASTASIA ISLAND,8720623,29.7933,-81.2717,0.0209,10/01/1978 - 10/31/1978,0.6590000000000003,0.5609999999999999,-0.11099999999999999
CORSON INLET,8535101,39.215,-74.6483,0.014,11/01/1977 - 10/31/1978,0.6019999999999999,0.484,-0.08799999999999986
BENNETT'S DOCK,8661989,33.435,-79.1267,0.0135,08/01/1975 - 11/30/1975,0.7130000000000001,0.601,0.03699999999999992
"PALM VALLEY, ICWW",8720398,30.1333,-81.3867,0.0201,09/01/1978 - 09/30/1978,0.5919999999999999,0.5160000000000002,-0.050000000000000044
"SUNNY POINT, MOTSU NORTH WHARF",8658579,34.0233,-77.9467,0.0174,04/01/1976 - 06/30/1976,0.5990000000000002,0.5030000000000001,-0.11299999999999999
FORT MATANZAS,8720686,29.715,-81.2383,0.0151,05/01/1974 - 04/30/1975,0.5189999999999999,0.42400000000000015,-0.1399999999999999
"LANCEFORD CREEK, LOFTON",8720051,30.6433,-81.5233,0.0113,09/01/1978 - 12/31/1978,0.8900000000000001,0.7760000000000002,-0.1529999999999998
"SEWELLS POINT, HAMPTON ROADS",8638610,36.946667,-76.33,0,01/01/1983 - 12/31/2001,0.3490000000000002,0.2869999999999999,-0.07899999999999996
OAK LANDING,8720305,30.2533,-81.43,0.0186,09/01/1978 - 09/30/1978,0.508,0.44200000000000017,-0.06400000000000006
"BIG PARADISE ISLAND, WANDO RIVER",8664611,32.915,-79.7467,0.0136,06/01/1977 - 05/31/1978,0.9339999999999999,0.8280000000000001,0.016000000000000014
CRISFIELD,8571091,37.9767,-75.8633,0.0185,05/01/1977 - 11/30/1977,0.30299999999999994,0.2520000000000002,-0.04799999999999982
"CRANDALL, ST. MARYS RIVER",8720004,30.7217,-81.6217,0.0154,02/01/1978 - 05/31/1978,0.7510000000000001,0.671,-0.0040000000000000036
"BOGGY CREEK, UPPER NASSAU RIVER",8720084,30.5883,-81.6633,0.0213,03/01/1978 - 07/31/1978,0.5080000000000002,0.4680000000000002,0.1060000000000001
"REEDY POINT, C&D CANAL",8551910,39.558306,-75.573306,0,01/01/1983 - 12/31/1993; 01/01/1995 - 12/31/2001,0.8749999999999998,0.7779999999999998,-0.015000000000000124
"PAWLEYS INLET, WARDS DOCK",8662071,33.4117,-79.135,0.022,12/01/1975 - 12/31/1975; 04/01/1976 - 06/30/1976; 08/01/1976 - 09/30/1976; 11/01/1976 - 11/30/1976,0.6410000000000002,0.5439999999999998,0.062000000000000055
PHOENIX PARK,8720225,30.3833,-81.6367,0.018,09/01/1977 - 01/31/1978,0.3320000000000001,0.29200000000000004,-0.09299999999999997
"PUDDLEDOCK, APPOMATTOX RIVER",8638489,37.2667,-77.3717,0.0398,08/11/2003 - 09/15/2003,0.40600000000000014,0.33899999999999997,-0.03699999999999992
"LEWES, FT. MILES",8557380,38.781694,-75.12,0,01/01/1983 - 12/31/2001,0.617,0.4889999999999999,-0.121
"CAINHOY, WANDO RIVER",8664545,32.9267,-79.83,0.0097,05/01/1988 - 04/30/1989; 05/01/1997 - 04/30/1998,0.9059999999999999,0.8009999999999999,-0.0129999999999999
"AMELIA CITY, SOUTH AMELIA RIVER",8720086,30.5867,-81.4633,0.0118,01/01/1978 - 12/31/1978,0.7949999999999999,0.69,-0.12199999999999989
"MUSSELBORO ISLAND, MOSQUITO CREEK",8667209,32.5783,-80.4483,0.0157,03/01/1978 - 02/28/1979,0.919,0.8260000000000001,0.01200000000000001
"DAMES POINT, ST. JOHNS RIVER",8720219,30.3867,-81.5583,0.0141,01/01/2014 - 12/31/2014,0.43199999999999994,0.3860000000000001,-0.1080000000000001
"HARBOR RIVER BRIDGE, ST. HELENA SOUND",8668146,32.4033,-80.4533,0.0144,02/01/1975 - 01/31/1976,0.9049999999999998,0.7869999999999999,-0.09400000000000008
SAN SIMEON,9412553,35.6417,-121.188,0.0189,05/01/1978 - 07/31/1978,1.6660000000000001,1.449,0.9079999999999999
"WINDSOR PLANTATION, BLACK RIVER",8662953,33.415,-79.25,0.0179,10/01/1975 - 09/30/1976,0.5630000000000002,0.496,0
"ALPINE, HUDSON RIVER",8530095,40.945,-73.9183,0.0136,03/01/1976 - 11/30/1976,0.6420000000000001,0.5650000000000002,0.02200000000000002
MONCRIEF CREEK ENTRANCE,8720217,30.3917,-81.6617,0.0221,10/01/1977 - 11/30/1977,0.3169999999999997,0.278,-0.10900000000000021
"CHATHAM, STAGE HARBOR",8447505,41.6667,-69.9667,0.0203,08/01/1992 - 09/30/1992,0.577,0.4650000000000003,-0.10599999999999987
"WINYAH BAY, SOUTH ISLAND PLANTATION",8662746,33.235,-79.2033,0.0013,01/01/1979 - 12/31/1991; 01/01/1993 - 12/31/1995,0.6299999999999999,0.5369999999999999,-0.050999999999999934
"WASHINGTON, POTOMAC RIVER",8594900,38.87333,-77.021667,0,01/01/1983 - 12/31/2001,0.5410000000000001,0.47199999999999975,0.04699999999999993
SANDY HOOK,8531680,40.4669,-74.0094,0,01/01/1983 - 12/31/2001,0.7349999999999999,0.6339999999999999,-0.07300000000000018
"YORKTOWN USCG TRAINING CENTER, YORK R.",8637689,37.226667,-76.478333,0.0059,07/01/2004 - 06/30/2016,0.33099999999999996,0.2719999999999998,-0.07700000000000018
"ASSISCUNK CREEK, DELAWARE RIVER",8539058,40.0733,-74.8483,0.0196,10/01/1977 - 11/30/1977,1.302,1.205,0.19100000000000006
"SMITH CREEK, FLAGLER BEACH",8720833,29.4783,-81.1367,0.0356,01/01/1979 - 03/31/1979,0.09099999999999975,0.04999999999999982,-0.07800000000000029
ORTEGA RIVER ENTRANCE,8720296,30.2783,-81.705,0.0226,08/01/1978 - 01/31/1979,0.18999999999999995,0.16100000000000003,-0.019000000000000128
"RIBAULT RIVER, LAKE FOREST",8720216,30.3983,-81.6983,0.0209,06/01/1978 - 07/31/1978,0.3860000000000001,0.3550000000000004,-0.05099999999999971
LITTLE ST. MARYS RIVER,8720006,30.7317,-81.7267,0.023,02/01/1985 - 02/28/1985,0.6409999999999998,0.583,0.028000000000000025
"SANTA MONICA, PACIFIC OCEAN",9410840,34.0083,-118.5,0,01/01/1984 - 12/31/2001,1.596,1.371,0.792
"CAPE MAY, CAPE MAY CANAL, DELAWARE BAY",8536110,38.968333,-74.96,0,01/01/1983 - 12/31/2001,0.7410000000000001,0.6080000000000001,-0.13600000000000012
"MURPHY'S BOAT YARD, HOUSATONIC RIVER",8466664,41.275,-73.0883,0.0159,06/01/1993 - 08/31/1993,1.182,1.08,-0.020000000000000018
"FRESHWATER SLOUGH, HUMBOLDT BAY",9418799,40.7983,-124.12,0.0153,05/01/1978 - 12/31/1978,2.024,1.805,0.9730000000000001
PABLO CREEK,8720267,30.3233,-81.4383,0.0139,09/01/1977 - 12/31/1977,0.45399999999999974,0.3919999999999999,-0.131
"EDISTO MARINA, BIG BAY CREEK",8667676,32.4933,-80.34,0.0169,05/01/1976 - 09/30/1976,0.8799999999999999,0.7690000000000001,-0.097999999999999865
"KIAWAH BRIDGE, KIAWAH RIVER",8667062,32.6033,-80.1317,0.0124,05/01/1977 - 04/30/1978,0.879,0.7599999999999998,-0.05899999999999994
"GEN. DYNAMICS PIER, COOPER R.",8664022,33.0083,-79.9233,0.0012,01/01/1977 - 12/31/1992,0.8119999999999998,0.7250000000000001,0.127
"OAKS CREEK, UPPER END, MURRELLS INLET",8661684,33.5117,-79.0683,0.0195,05/01/1975 - 01/31/1976,0.6799999999999999,0.5559999999999998,-0.06600000000000006
"POMPESTON CREEK, DELAWARE RIVER",8538875,40.0133,-75.0083,0.0156,10/01/1977 - 11/30/1977,1.197,1.0910000000000002,0.13200000000000012
"JACKSONVILLE, NAVY FUEL DEPOT",8720215,30.4,-81.6267,0.0178,09/01/1977 - 12/31/1977,0.33599999999999985,0.2959999999999998,-0.09800000000000009
BREACH INLET,8665552,32.7767,-79.8117,0.0113,06/01/1975 - 05/31/1976,0.7329999999999999,0.6180000000000001,-0.1200000000000001
NEW HAVEN,8465748,41.2933,-72.9167,0.0137,06/01/1988 - 09/30/1988,0.9690000000000001,0.8699999999999999,-0.07600000000000007
"NORWICH, THAMES RIVER",8461392,41.5233,-72.0783,0.0141,07/01/1989 - 10/31/1989,0.4889999999999999,0.391,-0.03499999999999992
"PETERS POINT, ST. PIERRE CREEK",8667425,32.54,-80.34,0.014,02/01/1978 - 01/31/1979,0.919,0.8069999999999999,-0.03499999999999992
SIMPSON CREEK,8720168,30.465,-81.4317,0.0128,04/01/1978 - 08/31/1978,0.7230000000000001,0.6180000000000001,-0.139
"KINGSLEY CREEK, SEABOARD R.R.",8720058,30.6317,-81.4767,0.0123,05/01/1978 - 06/30/1978,0.8429999999999997,0.736,-0.14700000000000002
"CUNO, LOFTON CREEK",8720097,30.5767,-81.5717,0.023,03/01/1978 - 04/30/1978; 07/01/1978 - 07/31/1978,0.5070000000000001,0.45500000000000007,-0.0020000000000000018
"OCEAN CITY, FISHING PIER",8570280,38.3267,-75.0833,0.0047,11/01/1981 - 10/31/1991,0.47999999999999976,0.3659999999999999,-0.14000000000000012
"ST. AUGUSTINE BEACH, ATLANTIC OCEAN",8720587,29.8567,-81.2633,0.0056,06/01/1992 - 05/31/2000,0.6129999999999998,0.498,-0.2140000000000002
"IMPERIAL BEACH, PACIFIC OCEAN",9410120,32.5783,-117.135,0.0084,01/01/1976 - 12/31/1978,1.5629999999999997,1.3399999999999999,0.765
HAMLIN SOUND,8665167,32.8267,-79.7867,0.0112,04/01/1978 - 03/31/1979,0.7809999999999999,0.6639999999999999,-0.08900000000000019
OAKLAND/ALAMEDA PARK ST. BRIDGE,9414746,37.7717,-122.235,0.011,12/01/2010 - 02/28/2011,1.94,1.751,0.984
"GOOSE CREEK ENTRANCE, COOPER RIVER",8664662,32.91,-79.9517,0.0091,07/01/1987 - 06/30/1989,0.8380000000000001,0.7360000000000002,-0.014000000000000012
"ELLIOTT CUT ENTRANCE, STONO RIVER",8665641,32.7633,-80.0017,0.0111,10/01/1974 - 09/30/1975,0.776,0.6779999999999997,-0.019000000000000128
"NASSAUVILLE, NASSAU RIVER EAST",8720098,30.5683,-81.515,0.013,01/01/1978 - 12/31/1978,0.712,0.6209999999999998,-0.07299999999999995
"FOLLY RIVER, NORTH",8666467,32.67,-79.9167,0.0112,02/01/1977 - 01/31/1978,0.8079999999999998,0.6909999999999998,-0.08599999999999985
"FERNANDINA BEACH, AMELIA RIVER",8720030,30.6717,-81.465,0,01/01/1983 - 12/31/1994; 01/01/1997 - 12/31/2001,0.8339999999999999,0.7270000000000001,-0.16100000000000003
NOWELL CREEK,8664701,32.9,-79.9,0.0121,07/01/1977 - 06/30/1978,0.9059999999999997,0.7969999999999997,-0.02400000000000002
"KEARNY POINT, HACKENSACK RIVER",8530772,40.7283,-74.1033,0.0144,08/01/1994 - 10/31/1994,0.8229999999999997,0.7230000000000001,-0.039000000000000146
"HAMLIN CREEK, ISLE OF PALMS",8665387,32.7867,-79.7917,0.0091,01/01/1975 - 12/31/1976,0.7550000000000001,0.6380000000000001,-0.10299999999999998
"SALISBURY, WICOMICO RIVER",8571616,38.365,-75.6067,0.0286,04/01/1989 - 06/30/1989,0.4750000000000001,0.42900000000000027,-0.020000000000000018
"PROVIDENCE, PROVIDENCE RIVER",8454000,41.8071,-71.4012,0,01/01/1983 - 12/31/2001,0.7210000000000001,0.6459999999999999,-0.06899999999999995
"THE BATTERY, NEW YORK HARBOR",8518750,40.7006,-74.0142,0,01/01/1983 - 12/31/2001,0.6950000000000001,0.5969999999999998,-0.06300000000000017
"PETALUMA RIVER, UPPER DRAWBRIDGE",9415584,38.2283,-122.613,0.0256,07/01/2014 - 10/31/2014,1.9330000000000003,1.7920000000000003,1.0419999999999998
WIMBEE CREEK,8667199,32.5783,-80.67,0.0159,12/01/1977 - 11/30/1978,0.9360000000000002,0.8390000000000002,0.02299999999999991
"JACKSONBORO CAMP, SOUTH EDISTO RIVER",8665737,32.7533,-80.45,0.0164,06/01/1978 - 12/31/1978,0.952,0.8879999999999999,0.3520000000000001
"FULTON, ST. JOHNS RIVER",8720221,30.39,-81.5067,0.0133,10/01/1977 - 02/28/1978,0.47399999999999975,0.4119999999999999,-0.13100000000000023
"RICHMOND PLANTATION, E. BR. COOPER RIVER",8663665,33.0767,-79.855,0.0146,09/01/1976 - 08/31/1977,0.7879999999999998,0.7269999999999999,0.35599999999999987
"CLAMBANK CREEK DOCK, GOAT ISLAND",8662299,33.3333,-79.1933,0.0148,05/01/1976 - 04/30/1977,0.6590000000000003,0.552,-0.10899999999999999
FORT GEORGE ISLAND,8720186,30.44,-81.4383,0.0122,04/01/1978 - 09/30/1978,0.6850000000000003,0.5940000000000001,-0.10699999999999998
"PORT MORRIS, EAST 138TH ST.",8518639,40.8017,-73.9067,0.0124,08/01/2000 - 07/31/2001,1.0159999999999998,0.909,-0.04300000000000015
"COSGROVE BRIDGE, ASHLEY RIVER",8665101,32.835,-79.9867,0.0112,04/01/1976 - 10/31/1976,0.8210000000000002,0.7160000000000002,-0.06999999999999984
"OAKLAND AIRPORT, SAN FRANCISCO BAY",9414711,37.7317,-122.208,0.0129,04/01/1977 - 06/30/1977,1.987,1.794,1.0140000000000002
"FIELDSBORO, DELAWARE RIVER",8539487,40.1367,-74.7367,0.0159,04/01/1977 - 01/31/1978,1.441,1.3300000000000003,0.15100000000000002
"BELLEVILLE, PASSAIC RIVER",8530591,40.7867,-74.1467,0.0173,08/01/1994 - 10/31/1994,0.9339999999999999,0.8299999999999998,-0.014000000000000012
"CHARLESTON, COOPER RIVER ENTRANCE",8665530,32.7817,-79.925,0,01/01/1983 - 12/31/2001,0.8,0.6910000000000001,-0.06699999999999995
"SANTA BARBARA, PACIFIC OCEAN",9411340,34.4083,-119.685,0.0039,01/01/1991 - 12/31/1997; 11/01/2005 - 10/31/2007; 04/01/2008 - 03/31/2010; 06/01/2010 - 05/31/2015,1.6179999999999999,1.388,0.824
"BLOODY POINT, NEW RIVER",8669801,32.0817,-80.8783,0.0126,05/01/1981 - 07/31/1981,0.9979999999999998,0.8859999999999997,-0.1050000000000002
"DRAYTON, BEES FERRY, ASHLEY RIVER",8665002,32.8483,-80.0517,0.012,07/01/1988 - 06/30/1989,0.8649999999999998,0.7679999999999998,-0.018000000000000016
PABLO CREEK ENTRANCE,8720232,30.3767,-81.4483,0.0129,09/01/1977 - 09/30/1977,0.5169999999999999,0.43699999999999983,-0.123
"LIMEHOUSE BRIDGE, STONO RIVER",8665475,32.7867,-80.105,0.0148,07/01/1977 - 10/31/1977,0.8199999999999998,0.7239999999999998,0.03600000000000003
"FIELDS LANDING, HUMBOLDT BAY",9418723,40.7233,-124.222,0.0108,12/01/2010 - 02/28/2011,1.9589999999999996,1.742,0.9879999999999999
"MARE IS.NAVAL SHIPYARD,CARQUINEZ STRAIT",9415218,38.07,-122.25,0.0069,10/01/2006 - 09/30/2012,1.8649999999999998,1.693,1.046
"OAK ISLAND, ATLANTIC OCEAN",8659182,33.9017,-78.0817,0.0142,06/01/1996 - 05/31/1997,0.659,0.5450000000000002,-0.16999999999999993
"KEYPORT, RARITAN BAY",8531545,40.44,-74.1983,0.0117,03/01/1976 - 11/30/1976,0.8110000000000002,0.7100000000000002,-0.030999999999999917
"MONTEREY, MONTEREY HARBOR",9413450,36.605,-121.888,0,01/01/1983 - 12/31/2001,1.669,1.455,0.905
"NEWPORT BEACH, NEWPORT BAY ENTRANCE",9410580,33.6033,-117.883,0.0022,01/01/1980 - 12/31/1993,1.594,1.369,0.79
HALFMOON ISLAND,8720093,30.5767,-81.6083,0.0211,07/01/1978 - 08/31/1978,0.5910000000000002,0.5350000000000001,-0.016000000000000014
TOOGOODOO CREEK,8666433,32.6683,-80.2933,0.014,11/01/1977 - 10/31/1978,0.919,0.8000000000000003,-0.03299999999999992
"SAUSALITO, SAN FRANCISCO BAY",9414806,37.8467,-122.477,0.0089,11/01/1977 - 10/31/1979,1.787,1.604,0.9869999999999999
"CHESTER, BELLS RIVER",8720023,30.6833,-81.5333,0.0129,02/01/1978 - 04/30/1978,0.8960000000000001,0.7899999999999998,-0.11299999999999999
"PORT CHICAGO, SUISUN BAY",9415144,38.056,-122.0395,0,01/01/1983 - 12/31/2001,1.8330000000000002,1.678,1.116
"ST SIMONS LIGHTHOUSE, ST SIMONS ISLAND",8677344,31.1317,-81.3967,0.0053,11/01/1999 - 10/31/2008,0.9040000000000001,0.7910000000000001,-0.20399999999999996
ROSES BLUFF,8720007,30.7033,-81.5767,0.0143,02/01/1985 - 02/28/1985,0.8619999999999999,0.7569999999999999,-0.13000000000000012
STEAMBOAT CREEK LANDING,8667075,32.6033,-80.2867,0.0136,05/01/1977 - 04/30/1978,0.8839999999999999,0.774,-0.040999999999999925
"CARTER'S DOCK, BIG BAY CREEK",8667679,32.4933,-80.3267,0.0138,03/01/1976 - 02/28/1977,0.8819999999999999,0.772,-0.08100000000000018
"JOHNSON'S CREEK, HARBOR ISLAND",8668227,32.3917,-80.4383,0.0143,03/01/1975 - 02/29/1976,0.879,0.7599999999999998,-0.09699999999999998
"SAMOA, HUMBOLDT BAY",9418817,40.8267,-124.18,0.0118,12/01/2010 - 02/28/2011,2.026,1.807,0.9960000000000001
"OYSTER LANDING, CRAB HAUL CREEK",8662245,33.3517,-79.1867,0.0069,09/01/2004 - 08/31/2010; 01/01/2012 - 12/31/2013; 01/01/2015 - 12/31/2015,0.7319999999999998,0.625,-0.008000000000000007
"SHELTON, HOUSATONIC RIVER",8466573,41.3017,-73.0717,0.0168,07/01/1993 - 08/31/1993,1.2079999999999997,1.1,-0.02200000000000002
"NEW RIVER, ROUTE 170 BRIDGE",8669072,32.2367,-81.0117,0.0172,08/01/1979 - 02/29/1980,0.754,0.7200000000000002,0.35199999999999987
"EDISTO BEACH, EDISTO ISLAND",8667630,32.5017,-80.2967,0.0094,05/01/1977 - 04/30/1979,0.875,0.7560000000000002,-0.09599999999999986
COMBAHEE RIVER AT US HWY. 17,8666659,32.6517,-80.6833,0.0156,02/01/1976 - 12/31/1976,0.8679999999999999,0.79,0.18900000000000006
"BRIDGEPORT, BRIDGEPORT HARBOR",8467150,41.1733,-73.1817,0,01/01/1983 - 12/31/2001,1.06,0.9580000000000002,-0.06699999999999995
"LOS ANGELES, OUTER HARBOR",9410660,33.72,-118.272,0,01/01/1983 - 12/31/2001,1.6109999999999998,1.3860000000000001,0.7989999999999999
"EDISTO RIVER, SOUTH OF PENNY CREEK",8666017,32.715,-80.4367,0.0191,10/01/1978 - 01/31/1979,0.9649999999999999,0.891,0.27
"MAD RIVER SLOUGH, ARCATA BAY",9418865,40.865,-124.148,0.0185,12/01/1978 - 03/31/1979,2.021,1.7999999999999998,0.9900000000000001
PETALUMA RIVER ENTRANCE,9415252,38.1117,-122.498,0.0141,04/01/2014 - 06/30/2014,1.9209999999999998,1.7569999999999997,1.073
"CHURCH FLATS, STONO RIVER",8665763,32.7467,-80.165,0.0137,02/01/1977 - 01/31/1978,0.9060000000000001,0.8039999999999998,0.020000000000000018
"CHATHAM, LYDIA COVE",8447435,41.688472,-69.951083,0.012,09/01/2015 - 08/31/2016,0.8209999999999997,0.7069999999999999,-0.015000000000000124
SAQUATUCKET HARBOR,8447495,41.6683,-70.0567,0.0165,05/01/1993 - 09/30/1993,0.5369999999999999,0.43199999999999994,-0.10599999999999987
ATLANTIC BEACH TRIPLE S PIER,8656590,34.6933,-76.7117,0.0117,06/01/1999 - 05/31/2000,0.5070000000000001,0.403,-0.14700000000000024
"SANDBLASTERS, PENNY'S CREEK",8665589,32.77,-80.0633,0.0159,05/01/1974 - 07/31/1974,0.754,0.6699999999999999,0.01200000000000001
"LOWER TOPSAW LANDING, PEE DEE RIVER",8661299,33.6083,-79.1517,0.0144,01/01/1982 - 07/31/1982,0.8680000000000003,0.8460000000000001,0.7290000000000001
"HO-NON-WAH BOYSCOUT CAMP, BOHICKET CR",8666918,32.625,-80.1667,0.0175,10/01/1982 - 12/31/1982,0.8559999999999999,0.7469999999999999,-0.053999999999999826
"PORTSMOUTH, NORFOLK NAVAL SHIPYARD",8638660,36.8217,-76.2933,0.0055,01/01/1979 - 12/31/1986,0.3999999999999999,0.33599999999999985,-0.0820000000000003
NEW ROCHELLE,8518490,40.8933,-73.7817,0.0094,01/01/1980 - 12/31/1981,1.1309999999999998,1.0219999999999998,-0.08499999999999996
"WANDO RIVER ENTRANCE, HOBCAW POINT",8665192,32.8217,-79.9,0.0106,01/01/1977 - 12/31/1977,0.835,0.726,-0.052999999999999936
"SAN DIEGO, SAN DIEGO BAY",9410170,32.71419,-117.173583,0,01/01/1983 - 12/31/2001,1.613,1.388,0.7650000000000001
"YEAMANS HALL, GOOSE CREEK",8664541,32.925,-79.9867,0.0122,02/01/1979 - 01/31/1980,0.8380000000000001,0.7520000000000002,0.13000000000000034
"ATLANTIC CITY, ATLANTIC OCEAN",8534720,39.355,-74.4183,0,01/01/1983 - 12/31/2001,0.6060000000000003,0.4790000000000001,-0.12199999999999989
"VENTNOR CITY, FISHING PIER",8534770,39.335,-74.4767,0.0066,01/01/1986 - 12/31/1991,0.6140000000000003,0.4860000000000002,-0.11899999999999977
"PORT SAN LUIS, SAN LUIS OBISPO BAY",9412110,35.1767,-120.76,0,01/01/1983 - 12/31/2001,1.599,1.3840000000000001,0.829
"DAWHOO BRIDGE, DAWHOO RIVER",8666799,32.6367,-80.3417,0.0141,05/01/1977 - 04/30/1978,0.9420000000000002,0.8359999999999999,0.006000000000000005
STATION CREEK,8668601,32.325,-80.6017,0.0142,03/01/1978 - 02/28/1979,1.047,0.9240000000000002,-0.08000000000000007
"PENSACOLA, PENSACOLA BAY",8729840,30.4044,-87.2112,0,01/01/1983 - 12/31/2001,0.28500000000000014,0.27600000000000025,0.0900000000000003
"LA JOLLA, PACIFIC OCEAN",9410230,32.8667,-117.258,0,01/01/1983 - 12/31/2001,1.566,1.344,0.7739999999999998
"HIGHWAY 171 BRIDGE, FOLLY CREEK",8665424,32.675,-79.9517,0.0112,10/01/1975 - 09/30/1976,0.806,0.6890000000000001,-0.09699999999999998
WILMINGTON BEACH,8658559,34.0317,-77.8933,0.0167,03/01/1977 - 06/30/1977,0.5310000000000001,0.42700000000000005,-0.21599999999999975
"POINT REYES, DRAKES BAY",9415020,37.9961,-122.9767,0,01/01/1983 - 12/31/2001,1.75,1.5459999999999998,0.9380000000000002
"PIER 22 1/2, SAN FRANCISCO",9414317,37.79,-122.387,0.0139,10/01/1978 - 10/31/1978,1.9020000000000001,1.7109999999999999,0.9889999999999999
"BEN SAWYER BRIDGE, IWW",8665567,32.7733,-79.8417,0.0129,07/01/1976 - 09/30/1976,0.7470000000000003,0.633,-0.10999999999999988
"RINCON ISLAND, PACIFIC OCEAN",9411270,34.3483,-119.443,0.0039,11/01/1979 - 10/31/1990,1.634,1.404,0.831
"RIVERSIDE, MERRIMACK RIVER",8440889,42.7633,-71.0767,0.0269,07/01/1989 - 09/30/1989,1.501,1.3599999999999999,0.4269999999999998
"I-95 BRIDGE, HOUSATONIC RIVER",8466797,41.2033,-73.1117,0.0129,06/01/1993 - 08/31/1993,1.0610000000000002,0.9589999999999999,-0.05400000000000005
BATTERY CREEK,8668092,32.4133,-80.7,0.0127,03/01/1978 - 02/28/1979,1.15,1.029,-0.030999999999999917
PORT WENTWORTH,8670424,32.1433,-81.1417,0.0179,05/01/2002 - 07/31/2002,1.238,1.146,0.026999999999999913
"ALAMEDA, SAN FRANCISCO BAY",9414750,37.771667,-122.298333,0,01/01/1983 - 12/31/2001,1.941,1.752,0.9810000000000001
"MIDDLETOWN, CONNECTICUT RIVER",8464336,41.56,-72.645,0.0165,06/01/1987 - 09/30/1987; 06/01/1988 - 09/30/1988,0.5840000000000001,0.5090000000000003,0.18800000000000017
"NEAH BAY, STRAIT OF JUAN DE FUCA",9443090,48.36667,-124.611667,0,01/01/1983 - 12/31/2001,2.169,1.912,1.0590000000000002
HAVERSTRAW BAY,8518924,41.2183,-73.9633,0.0097,01/01/1982 - 12/31/1983,0.6200000000000001,0.5350000000000001,0.04999999999999982
"EUREKA SLOUGH, HUMBOLDT BAY",9418802,40.8067,-124.142,0.0181,04/01/1978 - 09/30/1978,2.0180000000000002,1.794,0.976
"GLEN COVE YACHT CLUB, LONG ISLAND",8516614,40.8633,-73.655,0.0162,06/01/1990 - 08/31/1990,1.133,1.0220000000000002,-0.08399999999999985
"WIGGINS, CHEHAW RIVER",8667074,32.6017,-80.5417,0.0151,08/01/1978 - 07/31/1979,0.8520000000000003,0.762,0.027000000000000135
LOWER TOOGOODOO CREEK,8666131,32.7033,-80.2783,0.0201,04/01/1978 - 06/30/1978,0.9419999999999997,0.8339999999999996,0.005999999999999783
"RED BLUFF, HUMBOLDT BAY",9418739,40.74,-124.212,0.0178,05/01/1978 - 10/31/1978,1.892,1.677,0.9489999999999998
FORTESCUE CREEK,8536931,39.2383,-75.175,0.0207,06/01/1984 - 07/31/1984,0.9779999999999998,0.8540000000000001,-0.008000000000000007
"PORT ROYAL PLTN., HILTON HEAD",8669167,32.22,-80.6683,0.0204,07/01/1979 - 08/31/1979,0.964,0.8209999999999997,-0.08300000000000018
WACCAMAW RIVER ENTRANCE,8662931,33.3667,-79.255,0.0125,10/01/1977 - 09/30/1978,0.657,0.5779999999999998,0.053999999999999826
TRENTON MARINE TERMINAL,8539993,40.1883,-74.755,0.0076,01/01/1979 - 12/31/1988,1.4879999999999998,1.378,0.18799999999999994
OCEAN CITY INLET,8570283,38.32833,-75.091667,0.0058,08/01/2002 - 07/31/2008; 04/01/2009 - 03/31/2012,0.2520000000000002,0.19099999999999984,-0.10899999999999999
"PHILADELPHIA (USCG STA.), DELAWARE RIVER",8545240,39.933333,-75.141667,6e-4,04/01/1995 - 03/31/2012,1.0940000000000003,0.972,0.11800000000000033
"PHILADELPHIA (PIER 11 NORTH), DEL. RIVER",8545530,39.9533,-75.1383,0.0054,01/01/1979 - 12/31/1988,1.093,0.9750000000000001,0.08199999999999985
"CRESCENT CITY, PACIFIC OCEAN",9419750,41.745,-124.183,0,01/01/1983 - 12/31/2001,1.9789999999999999,1.784,1.014
"SITKA DOCK, COOS BAY",9432879,43.3767,-124.297,0.0117,09/01/1982 - 09/30/1982,2.1750000000000003,1.972,1.0950000000000002
"ASTORIA, YOUNGS BAY",9439026,46.1717,-123.842,0.0128,07/01/1981 - 07/31/1981,2.63,2.417,1.374
"SAMS POINT, LUCY POINT CREEK",8667733,32.4833,-80.6,0.0136,06/01/1978 - 02/28/1979,0.9590000000000001,0.8500000000000001,-0.040999999999999925
"OAKLAND INNER HARBOR, SAN FRANCISCO BAY",9414764,37.795,-122.282,0.0114,02/01/2011 - 04/30/2011,1.904,1.7160000000000002,0.976
EVERETT,9447659,47.98,-122.223,0.017,12/01/1995 - 01/31/1996,2.76,2.4939999999999998,1.3559999999999999
"ASTORIA, TONGUE POINT, COLUMBIA RIVER",9439040,46.20731,-123.768306,0,01/01/1983 - 12/31/2001,2.6900000000000004,2.484,1.4389999999999998
"SHELDON, HUSPA CREEK",8667172,32.5833,-80.7833,0.0185,07/01/1979 - 06/30/1980,1.214,1.089,0.05099999999999971
"HAMMOND, COLUMBIA RIVER",9439011,46.2017,-123.945,0.0088,05/01/2012 - 04/30/2014,2.529,2.3129999999999997,1.3179999999999998
PORT JEFFERSON,8514560,40.95,-73.0767,0.0072,10/01/1981 - 09/30/1992,1.0490000000000004,0.9510000000000001,-0.05899999999999972
"BERKELEY,S.F.BAY",9414816,37.865,-122.307,0.015,07/01/1979 - 08/31/1979,1.9,1.7120000000000002,1.04
"FORT PULASKI, SAVANNAH RIVER",8670870,32.0333,-80.9017,0,01/01/1983 - 12/31/2001,1.052,0.9379999999999997,-0.07100000000000017
BEAUFORT,8667999,32.43,-80.675,0.0073,01/01/1978 - 12/31/1984,1.0820000000000003,0.9650000000000003,-0.03299999999999992
"BAILEYS LANDING, OKATEE RIVER",8668482,32.3467,-80.89,0.0143,03/01/1978 - 02/28/1979,1.202,1.0749999999999997,-0.02200000000000024
MILFORD HARBOR,8466442,41.2183,-73.055,0.0122,11/01/1987 - 02/29/1988,0.9910000000000001,0.891,-0.07100000000000017
"EDIZ HOOK, PORT ANGELES",9444122,48.14,-123.413,0.0185,05/01/1976 - 04/30/1977,2.038,1.8289999999999997,1.185
JENKINS CREEK,8667982,32.44,-80.5533,0.0185,03/01/1981 - 05/31/1981,1,0.8889999999999998,-0.05900000000000016
"AIRY HALL, ASHEPOO RIVER",8666749,32.6317,-80.4717,0.0171,05/01/1981 - 10/31/1981,0.6789999999999998,0.629,0.097999999999999865
"DISTANT ISLAND CREEK, UPPER END",8668155,32.4017,-80.6533,0.013,03/01/1980 - 02/28/1981,1.117,1.0010000000000003,-0.004999999999999893
"LOBECO, WHALE BRANCH, COOSAW RIVER",8667411,32.5733,-80.745,0.014,03/01/1978 - 02/28/1979,1.1279999999999997,1.0099999999999998,9.999999999998899e-4
"SEAVEY ISLAND, PORTSMOUTH HARBOR",8419870,43.08,-70.7417,0.0145,11/01/2000 - 10/31/2001,1.2850000000000001,1.1600000000000001,-0.05799999999999983
"POINT OF PINES, N. EDISTO R.",8667178,32.585,-80.2283,0.0129,06/01/1978 - 04/30/1979,0.8299999999999996,0.7199999999999998,-0.07100000000000017
"CHARLESTON, COOS BAY",9432780,43.345,-124.322,0,01/01/1983 - 04/30/1991; 10/01/1991 - 12/31/2001,2.171,1.968,1.092
NORTH JETTY,9440574,46.2733,-124.072,0.0154,07/01/1983 - 10/31/1983,2.284,2.0789999999999997,1.1689999999999998
"BLAINE, DRAYTON HARBOR",9449679,48.9917,-122.765,0.0115,05/01/1974 - 04/30/1975,2.5949999999999998,2.3329999999999997,1.3599999999999999
"RYE BEACH, AMUSEMENT PARK",8518091,40.9617,-73.6717,0.0119,04/01/1988 - 02/28/1989,1.145,1.0349999999999997,-0.07100000000000017
"VIRGINIA BEACH, RUDEE INLET",8639208,36.8317,-75.9683,0.0226,09/01/1975 - 10/31/1975,0.367,0.28100000000000014,-0.20599999999999996
"CUSHING ISLAND, CASCO BAY",8417997,43.645,-70.1983,0.0114,09/01/1979 - 09/30/1979,1.5850000000000002,1.4549999999999998,0.09000000000000008
DEPOE BAY,9435827,44.81,-124.058,0.0047,01/01/1974 - 12/31/1983,2.318,2.102,1.153
"DAUFUSKIE LANDING, NEW RIVER",8669691,32.1033,-80.895,0.011,09/01/1979 - 08/31/1980,1.04,0.927,-0.06199999999999983
TRINIDAD HARBOR,9419059,41.0567,-124.147,0.0079,09/01/1983 - 08/31/1987,1.974,1.7670000000000001,1.023
"BLUFF POINT, WADMALAW RIVER",8666699,32.6467,-80.2567,0.0136,10/01/1977 - 09/30/1978,0.8780000000000001,0.77,-0.04599999999999982
"SAN FRANCISCO, SAN FRANCISCO BAY",9414290,37.806694,-122.465,0,01/01/1983 - 12/31/2001,1.7979999999999998,1.6119999999999999,0.9690000000000001
JACKSONVILLE BEACH,8720291,30.2833,-81.3867,0.0138,05/01/1974 - 04/30/1975,0.7549999999999999,0.6399999999999997,-0.18000000000000016
CHASSAHOWITZKA RIVER,8727246,28.715,-82.5767,0.0299,06/01/1978 - 10/31/1978,0.2650000000000001,0.23100000000000032,0.16800000000000015
SAKONNET,8450768,41.465,-71.1933,0.0116,04/01/1992 - 10/31/1992,0.4870000000000001,0.40800000000000036,-0.10599999999999987
"FORT POINT, NEWCASTLE ISLAND",8423898,43.0717,-70.7117,0.0081,10/01/2003 - 09/30/2005; 01/01/2008 - 12/31/2010; 08/01/2011 - 07/31/2014,1.339,1.209,-0.0950000000000002
"SAN LEANDRO MARINA, SAN FRANCISCO BAY",9414688,37.695,-122.192,0.0123,05/01/1975 - 12/31/1975,2.077,1.882,1.007
"JOHNS ISLAND, CHURCH CREEK",8666101,32.7067,-80.1567,0.0142,03/01/1977 - 02/28/1978,0.935,0.8279999999999998,0.006999999999999673
TACOMA,9446545,47.255,-122.432,0.017,07/01/1977 - 07/31/1977,2.8099999999999996,2.542,1.3019999999999998
"VIRGINIA KEY, BISCAYNE BAY",8723214,25.7314,-80.1618,0.0032,01/01/1998 - 12/31/2010,0.06499999999999995,0.04899999999999993,-0.2669999999999999
"HACKENSACK, HACKENSACK RIVER",8530278,40.88,-74.04,0.0193,08/01/1994 - 10/31/1994,0.9369999999999998,0.8380000000000001,0.006000000000000227
EDDINGS POINT CREEK,8667972,32.4467,-80.5333,0.0143,03/01/1978 - 02/28/1979,0.9499999999999997,0.839,-0.058000000000000274
"SOUTH BEACH, YAQUINA RIVER",9435380,44.625,-124.043,0,01/01/1983 - 12/31/2001,2.309,2.097,1.124
"WILLETS POINT, LITTLE BAY, EAST RIVER",8516990,40.7933,-73.7817,0,01/01/1983 - 12/31/2000,1.133,1.0219999999999998,-0.058000000000000274
"NAPA, NAPA RIVER",9415623,38.2983,-122.28,0.0207,03/01/1979 - 06/30/1979,2.0119999999999996,1.8670000000000002,1.086
"CROCKETT, CARQUINEZ STRAIT",9415143,38.0583,-122.223,0.0131,07/01/1977 - 06/30/1978,1.9300000000000002,1.7610000000000001,1.0980000000000003
"SACRAMENTO, SACRAMENTO RIVER",9416174,38.58,-121.507,0.0108,07/01/1979 - 09/30/1979; 07/01/1980 - 08/31/1980; 07/01/1981 - 09/30/1981; 07/01/1982 - 07/31/1982; 09/01/1982 - 09/30/1982; 08/01/1983 - 09/30/1983; 07/01/1984 - 09/30/1984; 07/01/1985 - 09/30/1985; 07/01/1986 - 09/30/1986; 07/01/1987 - 09/30/1987,2.426,2.335,2.206
"TOKE POINT, WILLAPA BAY",9440910,46.70747,-123.966917,0,01/01/1983 - 12/31/2001,2.4700000000000006,2.2439999999999998,1.2089999999999999
"UNION, HOOD CANAL",9445478,47.3583,-123.098,0.0157,06/01/1977 - 09/30/1977,2.748,2.447,1.2570000000000001
WHITNEY POINT,9445246,47.7617,-122.85,0.0167,02/01/1978 - 02/28/1978,2.7089999999999996,2.415,1.2530000000000001
"DUXBURY, DUXBURY HARBOR",8446166,42.0383,-70.67,0.0185,06/01/1990 - 08/31/1990,1.4479999999999995,1.314,-0.13200000000000012
"PLYMOUTH, PLYMOUTH HARBOR",8446493,41.96,-70.6617,0.0185,06/01/1990 - 08/31/1990,1.4529999999999998,1.3190000000000004,-0.11799999999999988
BOCA CHICA MARINA,8724493,24.575,-81.7083,0.0183,03/01/2000 - 05/31/2000,-0.057000000000000384,-0.133,-0.23800000000000043
"CRESCENT HARBOR, WHIDBEY ISLAND",9447952,48.2867,-122.617,0.0199,03/01/1977 - 03/31/1977,2.8789999999999996,2.606,1.3969999999999998
"OLYMPIA, BUD INLET, PUGET SOUND",9446969,47.06,-122.903,0.0164,04/01/1977 - 03/31/1978,3.21,2.902,1.3190000000000002
"BOSTON, BOSTON HARBOR",8443970,42.3548,-71.0534,0,01/01/1983 - 12/31/2001,1.4530000000000003,1.319,-0.09199999999999964
BREMERTON,9445958,47.5617,-122.623,0.012,08/01/1977 - 02/28/1978,2.8089999999999997,2.541,1.311
"POINT SAN QUENTIN, SAN FRANCISCO BAY",9414873,37.945,-122.475,0.0153,09/01/1978 - 11/30/1978,1.8129999999999997,1.6289999999999996,0.988
"BELFAST, PENOBSCOT BAY",8415191,44.4267,-69.005,0.0167,05/01/1984 - 06/30/1984,1.5859999999999999,1.4620000000000002,-0.08099999999999996
"KIRBY PARK, ELKHORN SLOUGH",9413651,36.84133,-121.745278,0.0137,06/01/2008 - 09/30/2008,1.7209999999999996,1.5029999999999997,0.9419999999999997
"BAR PILOTS DOCK, ST JOHNS RIVER",8720218,30.3967,-81.43,0.005,01/01/2001 - 12/31/2010; 01/01/2012 - 12/31/2014; 01/01/2016 - 12/31/2016,0.5980000000000003,0.5150000000000001,-0.16000000000000014
"PINOLE POINT, SAN PABLO BAY",9415056,38.015,-122.363,0.0152,12/01/2010 - 02/28/2011,1.883,1.702,0.9949999999999997
"SNOW HILL, POCOMOKE RIVER",8571359,38.17833,-75.396667,0.007,09/01/2005 - 08/31/2009,0.2270000000000003,0.1930000000000005,-0.028999999999999915
SOUTH BEND,9440875,46.6633,-123.798,0.0149,06/01/1982 - 06/30/1982,2.5650000000000004,2.3470000000000004,1.2249999999999999
"BRANFORD, BRANFORD RIVER",8465233,41.2617,-72.8183,0.0147,07/01/1989 - 10/31/1989,0.9060000000000001,0.81,-0.08599999999999985
"ALBANY, HUDSON RIVER",8518995,42.65,-73.7467,0.0075,07/01/1982 - 06/30/1987,1.1519999999999997,1.036,0.31899999999999995
BROAD CREEK,8669338,32.185,-80.7533,0.018,02/01/1979 - 02/28/1979,1.1279999999999997,1.0049999999999994,-0.08700000000000019
SOUTHPORT,8659084,33.915,-78.0183,0.0048,01/01/1978 - 12/31/1987,0.5950000000000006,0.4930000000000003,-0.14099999999999957
"YERBA BUENA ISLAND, SAN FRANCISCO BAY",9414782,37.81,-122.36,0.0117,03/01/1993 - 08/31/1993,1.9219999999999997,1.737,1.0350000000000001
SKULL CREEK SOUTH,8669133,32.2233,-80.7717,0.0172,05/01/1978 - 04/30/1979,1.0640000000000005,0.9430000000000001,-0.07399999999999984
GULF BEACH,8466375,41.205,-73.0417,0.0139,11/01/1987 - 01/31/1988,0.9839999999999995,0.8859999999999997,-0.07400000000000029
"GRAND BAY NERR, MISSISSIPPI SOUND",8740166,30.413,-88.402722,0.0137,03/01/2011 - 08/31/2011,0.3019999999999996,0.2729999999999997,0.052999999999999936
"DIVINE'S DOCK, MURRELLS INLET",8661582,33.5417,-79.0283,0.0165,04/01/1975 - 11/30/1975,0.6349999999999998,0.5140000000000002,-0.12199999999999989
"CAPT. ALEX'S MARINA, MURRELLS",8661529,33.5517,-79.0367,0.0213,12/01/1974 - 12/31/1974,0.6539999999999999,0.5270000000000001,-0.11899999999999977
LOCKHEED SHIPYARD,9447110,47.585,-122.362,0.0089,01/01/1978 - 12/31/1980,2.743,2.4789999999999996,1.3010000000000002
"SAUSALITO, COE DOCK, S.F. BAY",9414819,37.865,-122.493,0.0108,09/01/1978 - 04/30/1979,1.8009999999999997,1.6179999999999999,0.996
FORT STEVENS,9439008,46.2067,-123.95,0.0116,05/01/1981 - 11/30/1981,2.57,2.3559999999999994,1.331
"COCOA BEACH, ATLANTIC OCEAN",8721649,28.3683,-80.6,0.0111,01/01/1995 - 12/31/1996,0.35499999999999954,0.2469999999999999,-0.2810000000000006
"ABERDEEN, GRAYS HARBOR",9441187,46.9683,-123.853,0.0131,06/01/1982 - 05/31/1983,2.5810000000000004,2.3689999999999998,1.2080000000000002
"NORTH BEND, COOS BAY",9432895,43.41,-124.218,0.0152,09/01/1982 - 09/30/1982,2.2730000000000006,2.075,1.1290000000000004
"PORTLAND, CASCO BAY",8418150,43.6567,-70.2467,0,01/01/1983 - 12/31/2001,1.4180000000000001,1.2850000000000001,-0.09499999999999975
"SEATTLE, PUGET SOUND",9447130,47.602639,-122.339306,0,01/01/1983 - 12/31/2001,2.7479999999999998,2.4840000000000004,1.3089999999999997
"CUTLER FARRIS WHARF, LITTLE RIVER",8411060,44.6567,-67.21,0.0125,07/01/2011 - 06/30/2012; 07/01/2013 - 06/30/2014,2.139,2.0020000000000002,-0.10599999999999987
"STATE HIGHWAY 188 BRIDGE, W. FOWL RIVER",8738043,30.376639,-88.158556,0.0132,06/01/2012 - 05/31/2014; 05/01/2015 - 04/30/2016,0.2839999999999998,0.2369999999999992,0.028999999999999915
MINIM CREEK,8662796,33.195,-79.275,0.0135,07/01/1975 - 08/31/1975,0.6900000000000004,0.5880000000000001,-0.008000000000000007
"NORTH SPIT, HUMBOLDT BAY",9418767,40.7667,-124.217,0,01/01/1983 - 12/31/2001,1.987,1.7700000000000005,1.0250000000000004
"TRIDENT PIER, PORT CANAVERAL",8721604,28.4158,-80.5931,0.0033,01/01/1997 - 12/31/2006; 03/01/2008 - 02/28/2011,0.3200000000000003,0.21300000000000008,-0.2999999999999998
"DUCK, FRF PIER",8651370,36.183306,-75.746694,0,01/01/1983 - 12/31/2001,0.45699999999999985,0.3600000000000003,-0.1280000000000001
"BOB HALL PIER, CORPUS CHRISTI",8775870,27.58,-97.2167,0.0011,01/01/1986 - 12/31/2001,0.36099999999999977,0.33199999999999985,0.1459999999999999
WRIGHTSVILLE BEACH,8658163,34.2133,-77.7867,0.0075,05/01/2005 - 04/30/2009; 11/01/2009 - 10/31/2010,0.5389999999999997,0.4339999999999993,-0.15000000000000036
ELKHORN SLOUGH RAILROAD BRIDGE,9413663,36.85667,-121.755,0.0138,11/01/2007 - 02/29/2008,1.702,1.4820000000000002,0.915
"LONG BRANCH,FISHING PIER",8531991,40.3033,-73.9767,0.0063,01/01/1979 - 12/31/1979; 01/01/1981 - 12/31/1986,0.6849999999999996,0.5800000000000001,-0.07500000000000018
"EASTPORT, PASSAMAQUODDY BAY",8410140,44.9046,-66.9829,0,01/01/1983 - 12/31/2001,2.8450000000000006,2.7,-0.07099999999999973
"SEKIU, CLALLAM BAY",9443361,48.2633,-124.297,0.0127,06/01/1973 - 01/31/1974,2.1100000000000003,1.854,1.093
"WALDPORT, ALSEA BAY",9434939,44.434361,-124.058083,0.0142,06/01/2013 - 09/30/2013,2.301,2.0840000000000005,1.2330000000000005
"MILBRIDGE, NARRAGUAGUS RIVER",8412581,44.54,-67.875,0.0168,07/01/1999 - 08/31/1999,1.7879999999999994,1.6559999999999997,-0.05400000000000027
BELLINGHAM,9449211,48.745,-122.495,0.0136,02/01/1974 - 01/31/1975,2.447,2.2279999999999998,1.3629999999999995
"LAWMA, AMERADA PASS",8764227,29.449583,-91.338111,0.0065,06/01/2007 - 05/31/2009; 11/01/2009 - 10/31/2012; 07/01/2013 - 06/30/2015; 03/01/2016 - 02/28/2017,0.26700000000000035,0.22100000000000009,0.034000000000000696
"HUNTING ISLAND PIER, FRIPPS INLET",8668498,32.34,-80.465,0.0091,03/01/2004 - 02/28/2007,0.9240000000000004,0.8070000000000004,-0.08899999999999952
"PYRAMID POINT, SMITH RIVER",9419945,41.94525,-124.200917,0.0134,11/01/2012 - 02/28/2013,2.122,1.936,1.2109999999999994
NAVARRE BEACH,8729678,30.3767,-86.865,0.0041,01/01/1978 - 12/31/1987,0.27699999999999925,0.2569999999999997,0.057000000000000384
"PORT OF W. PALM BEACH, LAKE WORTH",8722588,26.77,-80.0517,0.01,10/01/2008 - 09/30/2010,0.16999999999999993,0.11500000000000021,-0.29499999999999993
"PINE POINT, SCARBOROUGH RIVER",8418445,43.545,-70.3333,0.0142,07/01/2002 - 09/30/2002,1.4010000000000007,1.2749999999999995,-0.04999999999999982
"USCG STATION HATTERAS, PAMLICO SOUND",8654467,35.208639,-75.704167,0.0169,05/01/2010 - 01/31/2012; 03/01/2012 - 07/31/2012; 09/01/2012 - 06/30/2013; 09/01/2013 - 08/31/2016,0.06199999999999939,0.03200000000000003,-0.03200000000000003
"SOUTH NORWALK, NORWALK RIVER",8468448,41.0967,-73.415,0.015,07/01/2002 - 09/30/2002,1.1240000000000006,1.0199999999999996,-0.04999999999999982
"PANAMA CITY BEACH, GULF OF MEXICO",8729210,30.2133,-85.8783,0.0011,01/01/1991 - 12/31/1997; 01/01/1999 - 12/31/2007; 10/01/2013 - 09/30/2016,0.29499999999999993,0.27199999999999847,0.07199999999999918
"STATE HIGHWAY 188 BRIDGE, BAYOU LA BATRE",8739803,30.405667,-88.247694,0.0143,12/01/2011 - 08/31/2012,0.28300000000000125,0.24100000000000144,0.030000000000001137
"SOUTHPORT, SOUTHPORT HARBOR",8467726,41.1333,-73.2833,0.0127,07/01/2003 - 07/31/2003,1.0919999999999996,0.9899999999999993,-0.051000000000000156
"THOMASTON, ST GEORGE RIVER",8415709,44.0717,-69.1817,0.0207,07/01/2003 - 09/30/2003,1.6420000000000003,1.5170000000000003,0.14999999999999947
Edenhouse Point,8651817,36.055028,-76.68425,0.0356,05/01/2012 - 07/31/2012,0.02000000000000135,0.009000000000000341,-0.041999999999999815
"PORT ORFORD, PACIFIC OCEAN",9431647,42.73897,-124.498278,6e-4,01/01/1982 - 12/31/1998,2.0700000000000003,1.8529999999999998,1.048
"CLINTON, CLINTON HARBOR",8463701,41.2683,-72.5317,0.0212,07/01/2002 - 08/31/2002,0.6980000000000004,0.6059999999999999,-0.10299999999999976
"BARREN ISLAND, CHESAPEAKE BAY",8571579,38.3417,-76.265,0.0116,01/01/2002 - 01/31/2002; 03/01/2002 - 09/30/2002; 01/01/2003 - 03/31/2003,0.10199999999999854,0.049999999999998934,-0.13000000000000078
"Mansfield Cone, Pacific Ocean",9412802,35.949528,-121.481944,0.0177,04/01/2013 - 06/30/2013,1.5970000000000004,1.3809999999999993,0.835
"BISHOPS HEAD, HOOPERS STRAIT",8571421,38.22,-76.0383,0.0063,09/01/2005 - 08/31/2009; 04/01/2010 - 03/31/2012; 05/01/2014 - 04/30/2016,0.24599999999999866,0.19699999999999918,-0.07000000000000028
"SEA LEVEL, CORE SOUND",8655875,34.875,-76.3433,0.0324,05/01/2004 - 06/30/2004,-0.0039999999999995595,-0.016000000000000014,-0.1039999999999992
"TULARE BEACH, PORT SUSAN",9448043,48.106806,-122.347278,0.0151,06/01/2013 - 08/31/2013,2.7570000000000006,2.4970000000000008,1.3489999999999993
"LAKE WORTH PIER, ATLANTIC OCEAN",8722670,26.6117,-80.0333,0.0088,07/01/2010 - 06/30/2012; 01/01/2013 - 12/31/2016,0.16999999999999993,0.11300000000000132,-0.29499999999999993
"BENICIA, CARQUINEZ STRAIT",9415111,38.0433,-122.13,0.0073,01/01/1977 - 12/31/1981,1.8179999999999996,1.657,1.061
"ARENA COVE, PACIFIC OCEAN",9416841,38.9133,-123.708,5e-4,05/01/1991 - 04/30/2008; 05/01/2009 - 04/30/2011,1.7479999999999993,1.5439999999999987,0.9179999999999993
"SPRINGMAID PIER, ATLANTIC OCEAN",8661070,33.655,-78.9183,0,01/01/1983 - 12/31/2001,0.7449999999999992,0.6259999999999994,-0.136000000000001
BROAD RIVER BRIDGE,8668223,32.3867,-80.7767,0.0133,08/01/1981 - 07/31/1982,1.0759999999999987,0.9629999999999992,-0.03500000000000014
"TULALIP, TULALIP BAY",9447773,48.065,-122.288,0.0149,08/01/2013 - 11/30/2013,2.7489999999999988,2.4939999999999998,1.3520000000000003
"PORT ANGELES, STRAIT OF JUAN DE FUCA",9444090,48.125,-123.44,0,01/01/1983 - 12/31/2001,2.024000000000001,1.8580000000000005,1.165000000000001
CABRILLO BEACH,9410650,33.7067,-118.273,0.0066,01/01/1974 - 12/31/1974; 01/01/1976 - 12/31/1980,1.596,1.3710000000000004,0.7850000000000001
"Cathcart Landing, Youngs River",9438772,46.12425,-123.804333,0.0118,06/01/2013 - 09/30/2013,2.712999999999999,2.5009999999999994,1.439
"GAVIOTA STATE PARK, PACIFIC OCEAN",9411399,34.469389,-120.228306,0.0153,12/01/2012 - 02/28/2013,1.5830000000000002,1.359,0.809000000000001
"Gold Beach, Rogue River",9431011,42.421639,-124.418722,0.0139,06/01/2013 - 09/30/2013,2.094999999999999,1.8940000000000001,1.1050000000000004
"RICHMOND INNER HARBOR, SAN FRANCISCO BAY",9414849,37.91,-122.358,0.0149,11/01/1994 - 01/31/1995,1.8390000000000004,1.6500000000000004,0.9879999999999978
"BUDD INLET, SOUTH OF GULL HARBOR",9446807,47.0983,-122.895,0.0163,05/01/1996 - 09/30/1996,3.169999999999998,2.8810000000000002,1.2899999999999991
